Site,Date,Forecast_Rainfall_mm,Forecast_Generation_kWh
BBO,2026-09-21,12.0,45353.1640625
BBO,2026-09-22,12.0,39099.87109375
BBO,2026-09-23,12.0,36323.23046875
BBO,2026-09-24,12.0,32314.583984375
BBO,2026-09-25,12.0,29865.53125
BBO,2026-09-26,12.0,28907.408203125
BBO,2026-09-27,12.0,28969.2109375
BBO,2026-09-28,12.0,26825.646484375
BBO,2026-09-29,12.0,27615.185546875
BBO,2026-09-30,12.0,27151.5
BBO,2026-10-01,22.5,35003.484375
BBO,2026-10-02,22.5,42563.26171875
BBO,2026-10-03,22.5,42401.8671875
BBO,2026-10-04,22.5,42473.1484375
BBO,2026-10-05,22.5,45303.0078125
BBO,2026-10-06,22.5,49389.30859375
BBO,2026-10-07,22.5,50433.9140625
BBO,2026-10-08,22.5,48074.96484375
BBO,2026-10-09,22.5,47534.39453125
BBO,2026-10-10,22.5,47343.70703125
BBO,2026-10-11,22.5,48198.359375
BBO,2026-10-12,22.5,48250.58203125
BBO,2026-10-13,22.5,50142.93359375
BBO,2026-10-14,22.5,47996.5078125
BBO,2026-10-15,22.5,49347.76171875
BBO,2026-10-16,22.5,51060.24609375
BBO,2026-10-17,22.5,51368.046875
BBO,2026-10-18,22.5,51073.4296875
BBO,2026-10-19,22.5,52416.42578125
BBO,2026-10-20,22.5,52070.1328125
BBO,2026-10-21,22.5,51947.57421875
BBO,2026-10-22,22.5,53598.47265625
BBO,2026-10-23,22.5,54279.13671875
BBO,2026-10-24,22.5,55225.03125
BBO,2026-10-25,22.5,56911.484375
BBO,2026-10-26,22.5,61256.35546875
BBO,2026-10-27,22.5,60751.20703125
BBO,2026-10-28,22.5,62397.6640625
BBO,2026-10-29,22.5,62152.67578125
BBO,2026-10-30,22.5,62125.52734375
BBO,2026-10-31,22.5,61239.109375
BBO,2026-11-01,20.0,56017.55078125
BBO,2026-11-02,20.0,51321.484375
BBO,2026-11-03,20.0,52346.9296875
BBO,2026-11-04,20.0,51057.890625
BBO,2026-11-05,20.0,51403.37109375
BBO,2026-11-06,20.0,51444.34765625
BBO,2026-11-07,20.0,51017.3515625
BBO,2026-11-08,20.0,50313.93359375
BBO,2026-11-09,20.0,50181.66796875
BBO,2026-11-10,20.0,50412.09765625
BBO,2026-11-11,20.0,50519.2421875
BBO,2026-11-12,20.0,50203.234375
BBO,2026-11-13,20.0,49922.875
BBO,2026-11-14,20.0,49493.8046875
BBO,2026-11-15,20.0,49772.80078125
BBO,2026-11-16,20.0,49747.19921875
BBO,2026-11-17,20.0,50130.8984375
BBO,2026-11-18,20.0,49723.625
BBO,2026-11-19,20.0,50471.23828125
BBO,2026-11-20,20.0,50344.66796875
BBO,2026-11-21,20.0,49914.61328125
BBO,2026-11-22,20.0,50599.6875
BBO,2026-11-23,20.0,50620.71875
BBO,2026-11-24,20.0,50323.265625
BBO,2026-11-25,20.0,50834.3984375
BBO,2026-11-26,20.0,51268.28515625
BBO,2026-11-27,20.0,50854.6328125
BBO,2026-11-28,20.0,51171.11328125
BBO,2026-11-29,20.0,50965.16796875
BBO,2026-11-30,20.0,51287.39453125
BBO,2026-12-01,5.9,50525.8203125
BBO,2026-12-02,5.9,48627.5234375
BBO,2026-12-03,5.9,47061.01953125
BBO,2026-12-04,5.9,46360.28515625
BBO,2026-12-05,5.9,46449.18359375
BBO,2026-12-06,5.9,44730.18359375
BBO,2026-12-07,5.9,42088.5078125
BBO,2026-12-08,5.9,39086.48828125
BBO,2026-12-09,5.9,36199.99609375
BBO,2026-12-10,5.9,35476.63671875
BBO,2026-12-11,5.9,35324.00390625
BBO,2026-12-12,5.9,34658.03125
BBO,2026-12-13,5.9,34726.1953125
BBO,2026-12-14,5.9,34838.7421875
BBO,2026-12-15,5.9,34390.671875
BBO,2026-12-16,5.9,35515.55859375
BBO,2026-12-17,5.9,34262.16015625
BBO,2026-12-18,5.9,34278.30859375
BBO,2026-12-19,5.9,34345.47265625
BBO,2026-12-20,5.9,34171.36328125
BBO,2026-12-21,5.9,33499.23828125
BBO,2026-12-22,5.9,33844.43359375
BBO,2026-12-23,5.9,33490.80078125
BBO,2026-12-24,5.9,33136.28515625
BBO,2026-12-25,5.9,32751.349609375
BBO,2026-12-26,5.9,32062.85546875
BBO,2026-12-27,5.9,31553.484375
BBO,2026-12-28,5.9,30222.626953125
BBO,2026-12-29,5.9,29758.28125
BBO,2026-12-30,5.9,28077.798828125
BBO,2026-12-31,5.9,27232.24609375
BBO,2027-01-01,0.0,23381.82421875
BBO,2027-01-02,0.0,18156.33984375
BBO,2027-01-03,0.0,16747.15234375
BBO,2027-01-04,0.0,15918.4931640625
BBO,2027-01-05,0.0,14767.8916015625
BBO,2027-01-06,0.0,14708.97265625
BBO,2027-01-07,0.0,14435.8447265625
BBO,2027-01-08,0.0,14548.1533203125
BBO,2027-01-09,0.0,13616.6220703125
BBO,2027-01-10,0.0,12678.669921875
BBO,2027-01-11,0.0,11892.6513671875
BBO,2027-01-12,0.0,11755.0771484375
BBO,2027-01-13,0.0,11784.3486328125
BBO,2027-01-14,0.0,11529.7900390625
BBO,2027-01-15,0.0,11241.1044921875
BBO,2027-01-16,0.0,9589.6435546875
BBO,2027-01-17,0.0,9144.7802734375
BBO,2027-01-18,0.0,8196.7900390625
BBO,2027-01-19,0.0,7839.4248046875
BBO,2027-01-20,0.0,7235.0185546875
BBO,2027-01-21,0.0,7200.26806640625
BBO,2027-01-22,0.0,7208.2099609375
BBO,2027-01-23,0.0,6903.064453125
BBO,2027-01-24,0.0,6585.9482421875
BBO,2027-01-25,0.0,5885.32958984375
BBO,2027-01-26,0.0,5686.31494140625
BBO,2027-01-27,0.0,5609.64453125
BBO,2027-01-28,0.0,5664.033203125
BBO,2027-01-29,0.0,5563.67333984375
BBO,2027-01-30,0.0,5550.43896484375
BBO,2027-01-31,0.0,6110.5546875
BBO,2027-02-01,0.0,6353.05322265625
BBO,2027-02-02,0.0,6248.16455078125
BBO,2027-02-03,0.0,6196.44677734375
BBO,2027-02-04,0.0,6177.58447265625
BBO,2027-02-05,0.0,6176.68603515625
BBO,2027-02-06,0.0,6176.68603515625
BBO,2027-02-07,0.0,6151.03955078125
BBO,2027-02-08,0.0,6151.7392578125
BBO,2027-02-09,0.0,6146.71044921875
BBO,2027-02-10,0.0,6143.18212890625
BBO,2027-02-11,0.0,6049.8466796875
BBO,2027-02-12,0.0,6011.72705078125
BBO,2027-02-13,0.0,6045.58642578125
BBO,2027-02-14,0.0,6022.86962890625
BBO,2027-02-15,0.0,6103.333984375
BBO,2027-02-16,0.0,6103.333984375
BBO,2027-02-17,0.0,6120.3662109375
BBO,2027-02-18,0.0,5955.27490234375
BBO,2027-02-19,0.0,6017.669921875
BBO,2027-02-20,0.0,5972.1591796875
BBO,2027-02-21,0.0,5972.1591796875
BBO,2027-02-22,0.0,5925.0830078125
BBO,2027-02-23,0.0,6124.98828125
BBO,2027-02-24,0.0,5904.8408203125
BBO,2027-02-25,0.0,5863.66064453125
BBO,2027-02-26,0.0,5899.400390625
BBO,2027-02-27,0.0,5932.61181640625
BBO,2027-02-28,0.0,5902.580078125
BBO,2027-03-01,3.0,6411.72705078125
BBO,2027-03-02,3.0,7331.7724609375
BBO,2027-03-03,3.0,7347.7470703125
BBO,2027-03-04,3.0,7387.0625
BBO,2027-03-05,3.0,7453.56298828125
BBO,2027-03-06,3.0,7775.78564453125
BBO,2027-03-07,3.0,7747.6025390625
BBO,2027-03-08,3.0,7905.98046875
BBO,2027-03-09,3.0,8516.630859375
BBO,2027-03-10,3.0,8578.7294921875
BBO,2027-03-11,3.0,8582.2001953125
BBO,2027-03-12,3.0,8260.5166015625
BBO,2027-03-13,3.0,8518.234375
BBO,2027-03-14,3.0,8518.234375
BBO,2027-03-15,3.0,8611.796875
BBO,2027-03-16,3.0,8640.6572265625
BBO,2027-03-17,3.0,8568.5205078125
BBO,2027-03-18,3.0,8249.822265625
BBO,2027-03-19,3.0,8195.5625
BBO,2027-03-20,3.0,8217.4130859375
BBO,2027-03-21,3.0,9269.060546875
BBO,2027-03-22,3.0,8931.6611328125
BBO,2027-03-23,3.0,8862.5458984375
BBO,2027-03-24,3.0,8916.58984375
BBO,2027-03-25,3.0,8865.544921875
BBO,2027-03-26,3.0,8851.6484375
BBO,2027-03-27,3.0,8829.302734375
BBO,2027-03-28,3.0,8369.5908203125
BBO,2027-03-29,3.0,8355.3134765625
BBO,2027-03-30,3.0,8421.701171875
BBO,2027-03-31,3.0,8191.14453125
BBO,2027-04-01,13.35,11117.3369140625
BBO,2027-04-02,13.35,12918.7646484375
BBO,2027-04-03,13.35,13602.734375
BBO,2027-04-04,13.35,14381.55859375
BBO,2027-04-05,13.35,14805.6982421875
BBO,2027-04-06,13.35,15657.0341796875
BBO,2027-04-07,13.35,15433.4111328125
BBO,2027-04-08,13.35,15605.83984375
BBO,2027-04-09,13.35,15553.4306640625
BBO,2027-04-10,13.35,15679.0546875
BBO,2027-04-11,13.35,15963.2900390625
BBO,2027-04-12,13.35,15833.072265625
BBO,2027-04-13,13.35,16428.42578125
BBO,2027-04-14,13.35,18052.58984375
BBO,2027-04-15,13.35,18062.587890625
BBO,2027-04-16,13.35,18101.921875
BBO,2027-04-17,13.35,21328.505859375
BBO,2027-04-18,13.35,22244.294921875
BBO,2027-04-19,13.35,21614.517578125
BBO,2027-04-20,13.35,20785.0234375
BBO,2027-04-21,13.35,20456.55078125
BBO,2027-04-22,13.35,20675.13671875
BBO,2027-04-23,13.35,20263.736328125
BBO,2027-04-24,13.35,20134.76171875
BBO,2027-04-25,13.35,20657.794921875
BBO,2027-04-26,13.35,20373.138671875
BBO,2027-04-27,13.35,20519.693359375
BBO,2027-04-28,13.35,20873.90625
BBO,2027-04-29,13.35,20713.044921875
BBO,2027-04-30,13.35,20945.5390625
BBO,2027-05-01,19.0,24939.32421875
BBO,2027-05-02,19.0,28444.46484375
BBO,2027-05-03,19.0,29032.9609375
BBO,2027-05-04,19.0,30003.951171875
BBO,2027-05-05,19.0,30256.9921875
BBO,2027-05-06,19.0,31453.05078125
BBO,2027-05-07,19.0,33810.62109375
BBO,2027-05-08,19.0,36669.60546875
BBO,2027-05-09,19.0,36999.34765625
BBO,2027-05-10,19.0,37562.19140625
BBO,2027-05-11,19.0,38919.51171875
BBO,2027-05-12,19.0,40605.96484375
BBO,2027-05-13,19.0,42099.69921875
BBO,2027-05-14,19.0,41736.44140625
BBO,2027-05-15,19.0,41475.328125
BBO,2027-05-16,19.0,42336.19921875
BBO,2027-05-17,19.0,43271.765625
BBO,2027-05-18,19.0,44060.578125
BBO,2027-05-19,19.0,45162.1484375
BBO,2027-05-20,19.0,45671.05859375
BBO,2027-05-21,19.0,46458.98828125
BBO,2027-05-22,19.0,46297.08984375
BBO,2027-05-23,19.0,45838.2890625
BBO,2027-05-24,19.0,45989.640625
BBO,2027-05-25,19.0,45916.1015625
BBO,2027-05-26,19.0,46072.296875
BBO,2027-05-27,19.0,46750.1640625
BBO,2027-05-28,19.0,47015.00390625
BBO,2027-05-29,19.0,47314.92578125
BBO,2027-05-30,19.0,47537.51953125
BBO,2027-05-31,19.0,46039.91796875
BBO,2027-06-01,15.0,44352.0859375
BBO,2027-06-02,15.0,38950.6328125
BBO,2027-06-03,15.0,35724.7265625
BBO,2027-06-04,15.0,35441.8828125
BBO,2027-06-05,15.0,35398.375
BBO,2027-06-06,15.0,34769.015625
BBO,2027-06-07,15.0,35357.58203125
BBO,2027-06-08,15.0,35348.078125
BBO,2027-06-09,15.0,35520.66796875
BBO,2027-06-10,15.0,35689.05078125
BBO,2027-06-11,15.0,35092.39453125
BBO,2027-06-12,15.0,35146.16015625
BBO,2027-06-13,15.0,36429.87109375
BBO,2027-06-14,15.0,35279.65234375
BBO,2027-06-15,15.0,34521.4921875
BBO,2027-06-16,15.0,33848.859375
BBO,2027-06-17,15.0,33748.3828125
BBO,2027-06-18,15.0,33906.3671875
BBO,2027-06-19,15.0,33257.33203125
BBO,2027-06-20,15.0,33623.43359375
BBO,2027-06-21,15.0,33145.43359375
BBO,2027-06-22,15.0,33258.765625
BBO,2027-06-23,15.0,34557.890625
BBO,2027-06-24,15.0,34189.0546875
BBO,2027-06-25,15.0,33566.5859375
BBO,2027-06-26,15.0,33397.30859375
BBO,2027-06-27,15.0,32747.107421875
BBO,2027-06-28,15.0,32244.537109375
BBO,2027-06-29,15.0,32109.78125
BBO,2027-06-30,15.0,31148.62890625
BBO,2027-07-01,7.0,27826.95703125
BBO,2027-07-02,7.0,27526.869140625
BBO,2027-07-03,7.0,24372.09765625
BBO,2027-07-04,7.0,23122.138671875
BBO,2027-07-05,7.0,20662.005859375
BBO,2027-07-06,7.0,19716.83984375
BBO,2027-07-07,7.0,19225.8984375
BBO,2027-07-08,7.0,18919.474609375
BBO,2027-07-09,7.0,18506.509765625
BBO,2027-07-10,7.0,19208.416015625
BBO,2027-07-11,7.0,17684.265625
BBO,2027-07-12,7.0,16850.64453125
BBO,2027-07-13,7.0,17424.7109375
BBO,2027-07-14,7.0,17664.76171875
BBO,2027-07-15,7.0,17112.0
BBO,2027-07-16,7.0,16148.396484375
BBO,2027-07-17,7.0,15127.4501953125
BBO,2027-07-18,7.0,14874.3037109375
BBO,2027-07-19,7.0,14431.9375
BBO,2027-07-20,7.0,13974.509765625
BBO,2027-07-21,7.0,13764.3037109375
BBO,2027-07-22,7.0,13225.77734375
BBO,2027-07-23,7.0,12470.4267578125
BBO,2027-07-24,7.0,11639.6494140625
BBO,2027-07-25,7.0,11377.630859375
BBO,2027-07-26,7.0,10733.8359375
BBO,2027-07-27,7.0,10280.1572265625
BBO,2027-07-28,7.0,10231.833984375
BBO,2027-07-29,7.0,9995.9033203125
BBO,2027-07-30,7.0,9971.4765625
BBO,2027-07-31,7.0,10624.6748046875
BBO,2027-08-01,8.5,11531.9873046875
BBO,2027-08-02,8.5,12488.6015625
BBO,2027-08-03,8.5,12578.6259765625
BBO,2027-08-04,8.5,12607.6513671875
BBO,2027-08-05,8.5,12221.96875
BBO,2027-08-06,8.5,12767.5107421875
BBO,2027-08-07,8.5,12515.6474609375
BBO,2027-08-08,8.5,12838.814453125
BBO,2027-08-09,8.5,13308.7568359375
BBO,2027-08-10,8.5,13943.1796875
BBO,2027-08-11,8.5,14309.7587890625
BBO,2027-08-12,8.5,14328.5244140625
BBO,2027-08-13,8.5,14118.5810546875
BBO,2027-08-14,8.5,14296.767578125
BBO,2027-08-15,8.5,14179.66015625
BBO,2027-08-16,8.5,14298.5400390625
BBO,2027-08-17,8.5,14555.5595703125
BBO,2027-08-18,8.5,14916.884765625
BBO,2027-08-19,8.5,15176.5654296875
BBO,2027-08-20,8.5,15146.748046875
BBO,2027-08-21,8.5,14723.2255859375
BBO,2027-08-22,8.5,14701.7705078125
BBO,2027-08-23,8.5,14752.36328125
BBO,2027-08-24,8.5,14971.599609375
BBO,2027-08-25,8.5,15091.5595703125
BBO,2027-08-26,8.5,15479.306640625
BBO,2027-08-27,8.5,15547.9658203125
BBO,2027-08-28,8.5,15296.537109375
BBO,2027-08-29,8.5,16637.85546875
BBO,2027-08-30,8.5,17805.767578125
BBO,2027-08-31,8.5,17951.0078125
BBO,2027-09-01,12.0,17377.6640625
BBO,2027-09-02,12.0,18126.0703125
BBO,2027-09-03,12.0,18686.69140625
BBO,2027-09-04,12.0,18630.994140625
BBO,2027-09-05,12.0,19829.138671875
BBO,2027-09-06,12.0,19441.11328125
BBO,2027-09-07,12.0,19595.505859375
BBO,2027-09-08,12.0,19137.619140625
BBO,2027-09-09,12.0,19236.53515625
BBO,2027-09-10,12.0,19047.609375
BBO,2027-09-11,12.0,18991.583984375
BBO,2027-09-12,12.0,19908.453125
BBO,2027-09-13,12.0,18734.4296875
BBO,2027-09-14,12.0,20009.681640625
BBO,2027-09-15,12.0,18832.75390625
BBO,2027-09-16,12.0,19053.63671875
BBO,2027-09-17,12.0,19068.931640625
BBO,2027-09-18,12.0,18619.18359375
BBO,2027-09-19,12.0,19665.453125
BBO,2027-09-20,12.0,18235.61328125
BKN,2026-09-21,0.0,146487.84375
BKN,2026-09-22,0.0,147309.90625
BKN,2026-09-23,0.0,149687.921875
BKN,2026-09-24,0.0,153199.375
BKN,2026-09-25,0.0,148258.859375
BKN,2026-09-26,0.0,158216.78125
BKN,2026-09-27,0.0,159453.6875
BKN,2026-09-28,0.0,158188.625
BKN,2026-09-29,0.0,154999.265625
BKN,2026-09-30,0.0,149664.75
BKN,2026-10-01,0.0,149498.59375
BKN,2026-10-02,0.0,154807.75
BKN,2026-10-03,0.0,152296.234375
BKN,2026-10-04,0.0,154212.671875
BKN,2026-10-05,0.0,143322.3125
BKN,2026-10-06,0.0,158803.984375
BKN,2026-10-07,0.0,160241.5
BKN,2026-10-08,0.0,152978.109375
BKN,2026-10-09,0.0,156947.59375
BKN,2026-10-10,0.0,151097.390625
BKN,2026-10-11,0.0,155544.90625
BKN,2026-10-12,0.0,155377.78125
BKN,2026-10-13,0.0,150941.40625
BKN,2026-10-14,0.0,152001.046875
BKN,2026-10-15,0.0,153727.671875
BKN,2026-10-16,0.0,155406.34375
BKN,2026-10-17,0.0,151700.15625
BKN,2026-10-18,0.0,150815.453125
BKN,2026-10-19,0.0,151568.859375
BKN,2026-10-20,0.0,150082.765625
BKN,2026-10-21,0.0,151987.921875
BKN,2026-10-22,0.0,152214.296875
BKN,2026-10-23,0.0,154881.53125
BKN,2026-10-24,0.0,158294.921875
BKN,2026-10-25,0.0,157994.78125
BKN,2026-10-26,0.0,150716.53125
BKN,2026-10-27,0.0,152523.625
BKN,2026-10-28,0.0,149787.828125
BKN,2026-10-29,0.0,151453.8125
BKN,2026-10-30,0.0,153718.203125
BKN,2026-10-31,0.0,154779.1875
BKN,2026-11-01,0.0,152589.890625
BKN,2026-11-02,0.0,152633.5
BKN,2026-11-03,0.0,156334.078125
BKN,2026-11-04,0.0,156593.5
BKN,2026-11-05,0.0,148406.953125
BKN,2026-11-06,0.0,157584.296875
BKN,2026-11-07,0.0,153055.53125
BKN,2026-11-08,0.0,148910.546875
BKN,2026-11-09,0.0,157620.328125
BKN,2026-11-10,0.0,152931.265625
BKN,2026-11-11,0.0,156649.859375
BKN,2026-11-12,0.0,155380.1875
BKN,2026-11-13,0.0,157000.21875
BKN,2026-11-14,0.0,153883.03125
BKN,2026-11-15,0.0,156646.90625
BKN,2026-11-16,0.0,156758.9375
BKN,2026-11-17,0.0,157623.28125
BKN,2026-11-18,0.0,151245.75
BKN,2026-11-19,0.0,151101.75
BKN,2026-11-20,0.0,151224.515625
BKN,2026-11-21,0.0,151663.171875
BKN,2026-11-22,0.0,150666.875
BKN,2026-11-23,0.0,148243.75
BKN,2026-11-24,0.0,156260.890625
BKN,2026-11-25,0.0,160419.28125
BKN,2026-11-26,0.0,155181.21875
BKN,2026-11-27,0.0,155947.078125
BKN,2026-11-28,0.0,154348.328125
BKN,2026-11-29,0.0,146973.96875
BKN,2026-11-30,0.0,151730.921875
BKN,2026-12-01,0.0,146303.453125
BKN,2026-12-02,0.0,149986.65625
BKN,2026-12-03,0.0,150222.71875
BKN,2026-12-04,0.0,149222.90625
BKN,2026-12-05,0.0,154017.546875
BKN,2026-12-06,0.0,152286.296875
BKN,2026-12-07,0.0,154412.828125
BKN,2026-12-08,0.0,150401.40625
BKN,2026-12-09,0.0,147936.703125
BKN,2026-12-10,0.0,154731.859375
BKN,2026-12-11,0.0,155167.0625
BKN,2026-12-12,0.0,152428.828125
BKN,2026-12-13,0.0,153449.03125
BKN,2026-12-14,0.0,151773.84375
BKN,2026-12-15,0.0,151132.375
BKN,2026-12-16,0.0,152721.734375
BKN,2026-12-17,0.0,154124.46875
BKN,2026-12-18,0.0,155510.09375
BKN,2026-12-19,0.0,155621.453125
BKN,2026-12-20,0.0,156113.34375
BKN,2026-12-21,0.0,154286.21875
BKN,2026-12-22,0.0,147935.734375
BKN,2026-12-23,0.0,156824.109375
BKN,2026-12-24,0.0,155984.171875
BKN,2026-12-25,0.0,158515.78125
BKN,2026-12-26,0.0,154858.03125
BKN,2026-12-27,0.0,154908.5
BKN,2026-12-28,0.0,150752.75
BKN,2026-12-29,0.0,151982.46875
BKN,2026-12-30,0.0,151540.71875
BKN,2026-12-31,0.0,150943.3125
BKN,2027-01-01,0.0,149156.6875
BKN,2027-01-02,0.0,151467.046875
BKN,2027-01-03,0.0,153655.59375
BKN,2027-01-04,0.0,153530.078125
BKN,2027-01-05,0.0,159476.09375
BKN,2027-01-06,0.0,157016.9375
BKN,2027-01-07,0.0,157140.84375
BKN,2027-01-08,0.0,157043.34375
BKN,2027-01-09,0.0,156953.859375
BKN,2027-01-10,0.0,156903.640625
BKN,2027-01-11,0.0,151969.5625
BKN,2027-01-12,0.0,156266.21875
BKN,2027-01-13,0.0,156648.421875
BKN,2027-01-14,0.0,156163.25
BKN,2027-01-15,0.0,155429.234375
BKN,2027-01-16,0.0,155257.78125
BKN,2027-01-17,0.0,153407.328125
BKN,2027-01-18,0.0,148999.1875
BKN,2027-01-19,0.0,149672.390625
BKN,2027-01-20,0.0,152160.625
BKN,2027-01-21,0.0,150445.234375
BKN,2027-01-22,0.0,148136.6875
BKN,2027-01-23,0.0,152604.828125
BKN,2027-01-24,0.0,150305.0
BKN,2027-01-25,0.0,151178.515625
BKN,2027-01-26,0.0,149394.921875
BKN,2027-01-27,0.0,153195.78125
BKN,2027-01-28,0.0,153029.171875
BKN,2027-01-29,0.0,152765.78125
BKN,2027-01-30,0.0,152168.703125
BKN,2027-01-31,0.0,149443.234375
BKN,2027-02-01,0.0,152473.328125
BKN,2027-02-02,0.0,154416.390625
BKN,2027-02-03,0.0,144277.640625
BKN,2027-02-04,0.0,151096.53125
BKN,2027-02-05,0.0,151669.71875
BKN,2027-02-06,0.0,149254.984375
BKN,2027-02-07,0.0,152597.546875
BKN,2027-02-08,0.0,149462.203125
BKN,2027-02-09,0.0,154041.890625
BKN,2027-02-10,0.0,154113.3125
BKN,2027-02-11,0.0,150697.90625
BKN,2027-02-12,0.0,150481.671875
BKN,2027-02-13,0.0,152039.3125
BKN,2027-02-14,0.0,150657.078125
BKN,2027-02-15,0.0,151551.75
BKN,2027-02-16,0.0,146777.421875
BKN,2027-02-17,0.0,154471.671875
BKN,2027-02-18,0.0,142592.703125
BKN,2027-02-19,0.0,144792.453125
BKN,2027-02-20,0.0,151425.921875
BKN,2027-02-21,0.0,147226.96875
BKN,2027-02-22,0.0,142507.75
BKN,2027-02-23,0.0,137540.203125
BKN,2027-02-24,0.0,135461.34375
BKN,2027-02-25,0.0,137413.34375
BKN,2027-02-26,0.0,138437.953125
BKN,2027-02-27,0.0,135685.078125
BKN,2027-02-28,0.0,136701.96875
BKN,2027-03-01,0.0,140281.375
BKN,2027-03-02,0.0,142493.0625
BKN,2027-03-03,0.0,145560.46875
BKN,2027-03-04,0.0,153684.484375
BKN,2027-03-05,0.0,155852.625
BKN,2027-03-06,0.0,150258.921875
BKN,2027-03-07,0.0,150004.671875
BKN,2027-03-08,0.0,148273.875
BKN,2027-03-09,0.0,155501.375
BKN,2027-03-10,0.0,154743.8125
BKN,2027-03-11,0.0,153007.65625
BKN,2027-03-12,0.0,153343.09375
BKN,2027-03-13,0.0,152009.515625
BKN,2027-03-14,0.0,151105.71875
BKN,2027-03-15,0.0,156424.140625
BKN,2027-03-16,0.0,157631.375
BKN,2027-03-17,0.0,158116.640625
BKN,2027-03-18,0.0,147178.78125
BKN,2027-03-19,0.0,152791.53125
BKN,2027-03-20,0.0,150385.078125
BKN,2027-03-21,0.0,149667.109375
BKN,2027-03-22,0.0,152562.859375
BKN,2027-03-23,0.0,151300.265625
BKN,2027-03-24,0.0,147850.28125
BKN,2027-03-25,0.0,146059.734375
BKN,2027-03-26,0.0,140748.078125
BKN,2027-03-27,0.0,134224.109375
BKN,2027-03-28,0.0,136945.0
BKN,2027-03-29,0.0,140240.578125
BKN,2027-03-30,0.0,137923.546875
BKN,2027-03-31,0.0,145538.984375
BKN,2027-04-01,0.0,143427.515625
BKN,2027-04-02,0.0,142547.765625
BKN,2027-04-03,0.0,139226.53125
BKN,2027-04-04,0.0,143605.703125
BKN,2027-04-05,0.0,138614.171875
BKN,2027-04-06,0.0,139717.140625
BKN,2027-04-07,0.0,137869.640625
BKN,2027-04-08,0.0,143160.40625
BKN,2027-04-09,0.0,141261.125
BKN,2027-04-10,0.0,141619.859375
BKN,2027-04-11,0.0,145569.421875
BKN,2027-04-12,0.0,149850.78125
BKN,2027-04-13,0.0,150752.71875
BKN,2027-04-14,0.0,154320.0
BKN,2027-04-15,0.0,135682.640625
BKN,2027-04-16,0.0,148589.65625
BKN,2027-04-17,0.0,146241.09375
BKN,2027-04-18,0.0,147934.390625
BKN,2027-04-19,0.0,143323.171875
BKN,2027-04-20,0.0,139711.1875
BKN,2027-04-21,0.0,149266.015625
BKN,2027-04-22,0.0,155428.125
BKN,2027-04-23,0.0,146698.625
BKN,2027-04-24,0.0,146422.609375
BKN,2027-04-25,0.0,147211.546875
BKN,2027-04-26,0.0,146309.671875
BKN,2027-04-27,0.0,147289.078125
BKN,2027-04-28,0.0,138195.6875
BKN,2027-04-29,0.0,140810.90625
BKN,2027-04-30,0.0,138019.671875
BKN,2027-05-01,0.0,141754.296875
BKN,2027-05-02,0.0,146999.515625
BKN,2027-05-03,0.0,151108.609375
BKN,2027-05-04,0.0,150615.53125
BKN,2027-05-05,0.0,152361.9375
BKN,2027-05-06,0.0,150221.53125
BKN,2027-05-07,0.0,146935.515625
BKN,2027-05-08,0.0,142218.0625
BKN,2027-05-09,0.0,134685.671875
BKN,2027-05-10,0.0,133483.234375
BKN,2027-05-11,0.0,141484.21875
BKN,2027-05-12,0.0,150456.921875
BKN,2027-05-13,0.0,154197.46875
BKN,2027-05-14,0.0,156289.234375
BKN,2027-05-15,0.0,151306.03125
BKN,2027-05-16,0.0,150307.828125
BKN,2027-05-17,0.0,144770.515625
BKN,2027-05-18,0.0,155032.921875
BKN,2027-05-19,0.0,156206.3125
BKN,2027-05-20,0.0,157955.09375
BKN,2027-05-21,0.0,157363.359375
BKN,2027-05-22,0.0,156798.5625
BKN,2027-05-23,0.0,154008.109375
BKN,2027-05-24,0.0,153568.734375
BKN,2027-05-25,0.0,155165.96875
BKN,2027-05-26,0.0,155621.90625
BKN,2027-05-27,0.0,154777.90625
BKN,2027-05-28,0.0,156660.515625
BKN,2027-05-29,0.0,154612.953125
BKN,2027-05-30,0.0,143870.6875
BKN,2027-05-31,0.0,152366.875
BKN,2027-06-01,0.0,153501.703125
BKN,2027-06-02,0.0,154379.296875
BKN,2027-06-03,0.0,146933.4375
BKN,2027-06-04,0.0,154321.953125
BKN,2027-06-05,0.0,145589.75
BKN,2027-06-06,0.0,151255.09375
BKN,2027-06-07,0.0,151235.640625
BKN,2027-06-08,0.0,152243.703125
BKN,2027-06-09,0.0,155890.0625
BKN,2027-06-10,0.0,158622.6875
BKN,2027-06-11,0.0,158522.234375
BKN,2027-06-12,0.0,155386.625
BKN,2027-06-13,0.0,157333.421875
BKN,2027-06-14,0.0,154893.90625
BKN,2027-06-15,0.0,149155.859375
BKN,2027-06-16,0.0,139433.875
BKN,2027-06-17,0.0,129585.4921875
BKN,2027-06-18,0.0,128153.8046875
BKN,2027-06-19,0.0,121233.5859375
BKN,2027-06-20,0.0,115324.140625
BKN,2027-06-21,0.0,133565.421875
BKN,2027-06-22,0.0,132986.53125
BKN,2027-06-23,0.0,133300.625
BKN,2027-06-24,0.0,135286.53125
BKN,2027-06-25,0.0,138375.8125
BKN,2027-06-26,0.0,145850.984375
BKN,2027-06-27,0.0,157134.609375
BKN,2027-06-28,0.0,154349.6875
BKN,2027-06-29,0.0,134128.8125
BKN,2027-06-30,0.0,129188.375
BKN,2027-07-01,0.0,132971.890625
BKN,2027-07-02,0.0,138708.6875
BKN,2027-07-03,0.0,133657.984375
BKN,2027-07-04,0.0,136858.015625
BKN,2027-07-05,0.0,132061.265625
BKN,2027-07-06,0.0,142790.828125
BKN,2027-07-07,0.0,149203.28125
BKN,2027-07-08,0.0,152554.375
BKN,2027-07-09,0.0,158756.5625
BKN,2027-07-10,0.0,155433.125
BKN,2027-07-11,0.0,152913.203125
BKN,2027-07-12,0.0,150752.046875
BKN,2027-07-13,0.0,149814.21875
BKN,2027-07-14,0.0,146489.390625
BKN,2027-07-15,0.0,142096.46875
BKN,2027-07-16,0.0,142783.015625
BKN,2027-07-17,0.0,134573.3125
BKN,2027-07-18,0.0,138069.890625
BKN,2027-07-19,0.0,143511.765625
BKN,2027-07-20,0.0,146709.453125
BKN,2027-07-21,0.0,152350.640625
BKN,2027-07-22,0.0,153159.03125
BKN,2027-07-23,0.0,147461.8125
BKN,2027-07-24,0.0,150612.75
BKN,2027-07-25,0.0,148005.796875
BKN,2027-07-26,0.0,153166.6875
BKN,2027-07-27,0.0,155305.953125
BKN,2027-07-28,0.0,159172.59375
BKN,2027-07-29,0.0,155733.484375
BKN,2027-07-30,0.0,154481.71875
BKN,2027-07-31,0.0,142692.34375
BKN,2027-08-01,0.0,146340.171875
BKN,2027-08-02,0.0,152313.546875
BKN,2027-08-03,0.0,153354.546875
BKN,2027-08-04,0.0,151059.484375
BKN,2027-08-05,0.0,149231.609375
BKN,2027-08-06,0.0,150391.578125
BKN,2027-08-07,0.0,152416.46875
BKN,2027-08-08,0.0,150670.875
BKN,2027-08-09,0.0,148607.765625
BKN,2027-08-10,0.0,149992.65625
BKN,2027-08-11,0.0,146997.21875
BKN,2027-08-12,0.0,151731.46875
BKN,2027-08-13,0.0,150441.03125
BKN,2027-08-14,0.0,154627.453125
BKN,2027-08-15,0.0,145840.6875
BKN,2027-08-16,0.0,153767.65625
BKN,2027-08-17,0.0,153950.265625
BKN,2027-08-18,0.0,157070.609375
BKN,2027-08-19,0.0,151566.65625
BKN,2027-08-20,0.0,153777.859375
BKN,2027-08-21,0.0,154045.15625
BKN,2027-08-22,0.0,153793.9375
BKN,2027-08-23,0.0,155792.796875
BKN,2027-08-24,0.0,155353.9375
BKN,2027-08-25,0.0,157386.71875
BKN,2027-08-26,0.0,154532.828125
BKN,2027-08-27,0.0,146247.296875
BKN,2027-08-28,0.0,154923.234375
BKN,2027-08-29,0.0,156482.234375
BKN,2027-08-30,0.0,153879.0625
BKN,2027-08-31,0.0,151908.625
BKN,2027-09-01,0.0,154739.640625
BKN,2027-09-02,0.0,152489.890625
BKN,2027-09-03,0.0,153354.984375
BKN,2027-09-04,0.0,149802.53125
BKN,2027-09-05,0.0,150897.625
BKN,2027-09-06,0.0,152916.625
BKN,2027-09-07,0.0,154652.5625
BKN,2027-09-08,0.0,150901.953125
BKN,2027-09-09,0.0,150342.953125
BKN,2027-09-10,0.0,154635.796875
BKN,2027-09-11,0.0,151822.5625
BKN,2027-09-12,0.0,155271.828125
BKN,2027-09-13,0.0,154194.84375
BKN,2027-09-14,0.0,155081.671875
BKN,2027-09-15,0.0,157315.21875
BKN,2027-09-16,0.0,155083.9375
BKN,2027-09-17,0.0,153425.71875
BKN,2027-09-18,0.0,160682.21875
BKN,2027-09-19,0.0,153950.3125
BKN,2027-09-20,0.0,150357.390625
BTO,2026-09-18,8.0,43087.90234375
BTO,2026-09-19,8.0,47596.94921875
BTO,2026-09-20,8.0,49762.7734375
BTO,2026-09-21,8.0,49046.80859375
BTO,2026-09-22,8.0,48640.21875
BTO,2026-09-23,8.0,46434.09765625
BTO,2026-09-24,8.0,45610.7890625
BTO,2026-09-25,8.0,44132.1484375
BTO,2026-09-26,8.0,42665.8984375
BTO,2026-09-27,8.0,43553.42578125
BTO,2026-09-28,8.0,44304.66015625
BTO,2026-09-29,8.0,44604.78515625
BTO,2026-09-30,8.0,43840.47265625
BTO,2026-10-01,10.0,44577.57421875
BTO,2026-10-02,10.0,44273.83984375
BTO,2026-10-03,10.0,44040.84765625
BTO,2026-10-04,10.0,44254.5390625
BTO,2026-10-05,10.0,40574.03125
BTO,2026-10-06,10.0,40543.86328125
BTO,2026-10-07,10.0,40094.06640625
BTO,2026-10-08,10.0,40438.01171875
BTO,2026-10-09,10.0,41411.45703125
BTO,2026-10-10,10.0,41776.63671875
BTO,2026-10-11,10.0,43464.58203125
BTO,2026-10-12,10.0,44683.09765625
BTO,2026-10-13,10.0,44706.05078125
BTO,2026-10-14,10.0,45385.328125
BTO,2026-10-15,10.0,44106.1015625
BTO,2026-10-16,10.0,46308.6796875
BTO,2026-10-17,10.0,45034.69921875
BTO,2026-10-18,10.0,44688.6015625
BTO,2026-10-19,10.0,45098.609375
BTO,2026-10-20,10.0,45470.96875
BTO,2026-10-21,10.0,44691.90625
BTO,2026-10-22,10.0,44136.796875
BTO,2026-10-23,10.0,44536.546875
BTO,2026-10-24,10.0,43738.2890625
BTO,2026-10-25,10.0,43157.4375
BTO,2026-10-26,10.0,43215.6015625
BTO,2026-10-27,10.0,43172.7734375
BTO,2026-10-28,10.0,42927.8359375
BTO,2026-10-29,10.0,42666.34765625
BTO,2026-10-30,10.0,42424.82421875
BTO,2026-10-31,10.0,42207.08203125
BTO,2026-11-01,3.75,40558.12109375
BTO,2026-11-02,3.75,38634.55859375
BTO,2026-11-03,3.75,36576.7734375
BTO,2026-11-04,3.75,34437.83984375
BTO,2026-11-05,3.75,33587.87109375
BTO,2026-11-06,3.75,33722.78125
BTO,2026-11-07,3.75,32962.30078125
BTO,2026-11-08,3.75,32243.34765625
BTO,2026-11-09,3.75,32258.42578125
BTO,2026-11-10,3.75,32600.41796875
BTO,2026-11-11,3.75,31872.01953125
BTO,2026-11-12,3.75,32505.43359375
BTO,2026-11-13,3.75,31652.26953125
BTO,2026-11-14,3.75,31913.57421875
BTO,2026-11-15,3.75,32232.89453125
BTO,2026-11-16,3.75,31519.21484375
BTO,2026-11-17,3.75,31677.6484375
BTO,2026-11-18,3.75,31856.6171875
BTO,2026-11-19,3.75,31064.9375
BTO,2026-11-20,3.75,31116.73828125
BTO,2026-11-21,3.75,30283.19140625
BTO,2026-11-22,3.75,30561.236328125
BTO,2026-11-23,3.75,30974.525390625
BTO,2026-11-24,3.75,31833.142578125
BTO,2026-11-25,3.75,32030.248046875
BTO,2026-11-26,3.75,32074.451171875
BTO,2026-11-27,3.75,31410.560546875
BTO,2026-11-28,3.75,31386.029296875
BTO,2026-11-29,3.75,31472.560546875
BTO,2026-11-30,3.75,32172.462890625
BTO,2026-12-01,0.0,31519.11328125
BTO,2026-12-02,0.0,28852.2578125
BTO,2026-12-03,0.0,25513.1875
BTO,2026-12-04,0.0,22820.9140625
BTO,2026-12-05,0.0,20612.931640625
BTO,2026-12-06,0.0,19043.1796875
BTO,2026-12-07,0.0,17549.52734375
BTO,2026-12-08,0.0,17192.498046875
BTO,2026-12-09,0.0,17151.158203125
BTO,2026-12-10,0.0,16865.82421875
BTO,2026-12-11,0.0,16696.55859375
BTO,2026-12-12,0.0,16071.8349609375
BTO,2026-12-13,0.0,15848.5
BTO,2026-12-14,0.0,14337.470703125
BTO,2026-12-15,0.0,13306.5009765625
BTO,2026-12-16,0.0,13440.28125
BTO,2026-12-17,0.0,12992.72265625
BTO,2026-12-18,0.0,12105.345703125
BTO,2026-12-19,0.0,11227.833984375
BTO,2026-12-20,0.0,10141.087890625
BTO,2026-12-21,0.0,9957.6494140625
BTO,2026-12-22,0.0,9872.4296875
BTO,2026-12-23,0.0,10282.12890625
BTO,2026-12-24,0.0,10113.6953125
BTO,2026-12-25,0.0,10253.8291015625
BTO,2026-12-26,0.0,10297.4404296875
BTO,2026-12-27,0.0,10251.3505859375
BTO,2026-12-28,0.0,10125.6962890625
BTO,2026-12-29,0.0,10703.66015625
BTO,2026-12-30,0.0,10894.6982421875
BTO,2026-12-31,0.0,13573.470703125
BTO,2027-01-01,0.0,16415.00390625
BTO,2027-01-02,0.0,17030.955078125
BTO,2027-01-03,0.0,16547.26171875
BTO,2027-01-04,0.0,16939.2890625
BTO,2027-01-05,0.0,16543.267578125
BTO,2027-01-06,0.0,16866.982421875
BTO,2027-01-07,0.0,16527.423828125
BTO,2027-01-08,0.0,16575.498046875
BTO,2027-01-09,0.0,15854.283203125
BTO,2027-01-10,0.0,14843.0
BTO,2027-01-11,0.0,13675.484375
BTO,2027-01-12,0.0,14519.337890625
BTO,2027-01-13,0.0,14563.6513671875
BTO,2027-01-14,0.0,14547.9990234375
BTO,2027-01-15,0.0,14736.8017578125
BTO,2027-01-16,0.0,15627.6015625
BTO,2027-01-17,0.0,15919.708984375
BTO,2027-01-18,0.0,16484.787109375
BTO,2027-01-19,0.0,16706.802734375
BTO,2027-01-20,0.0,17114.794921875
BTO,2027-01-21,0.0,16755.603515625
BTO,2027-01-22,0.0,16823.80859375
BTO,2027-01-23,0.0,16830.8671875
BTO,2027-01-24,0.0,16863.904296875
BTO,2027-01-25,0.0,16839.099609375
BTO,2027-01-26,0.0,17209.072265625
BTO,2027-01-27,0.0,17933.3828125
BTO,2027-01-28,0.0,18512.876953125
BTO,2027-01-29,0.0,18392.28125
BTO,2027-01-30,0.0,18724.25
BTO,2027-01-31,0.0,18768.701171875
BTO,2027-02-01,0.0,18866.470703125
BTO,2027-02-02,0.0,18812.3984375
BTO,2027-02-03,0.0,18834.462890625
BTO,2027-02-04,0.0,19522.546875
BTO,2027-02-05,0.0,20812.587890625
BTO,2027-02-06,0.0,21015.158203125
BTO,2027-02-07,0.0,21154.376953125
BTO,2027-02-08,0.0,21749.71875
BTO,2027-02-09,0.0,21906.73828125
BTO,2027-02-10,0.0,22882.455078125
BTO,2027-02-11,0.0,22870.412109375
BTO,2027-02-12,0.0,22485.7734375
BTO,2027-02-13,0.0,22497.64453125
BTO,2027-02-14,0.0,22472.10546875
BTO,2027-02-15,0.0,22456.318359375
BTO,2027-02-16,0.0,21705.45703125
BTO,2027-02-17,0.0,21102.880859375
BTO,2027-02-18,0.0,21059.880859375
BTO,2027-02-19,0.0,21264.85546875
BTO,2027-02-20,0.0,21176.046875
BTO,2027-02-21,0.0,21176.046875
BTO,2027-02-22,0.0,20858.974609375
BTO,2027-02-23,0.0,20930.302734375
BTO,2027-02-24,0.0,20775.712890625
BTO,2027-02-25,0.0,21455.646484375
BTO,2027-02-26,0.0,21229.3359375
BTO,2027-02-27,0.0,21229.640625
BTO,2027-02-28,0.0,21222.2734375
BTO,2027-03-01,0.0,21658.3046875
BTO,2027-03-02,0.0,21380.83203125
BTO,2027-03-03,0.0,21839.4296875
BTO,2027-03-04,0.0,21794.96875
BTO,2027-03-05,0.0,21786.482421875
BTO,2027-03-06,0.0,21723.150390625
BTO,2027-03-07,0.0,21513.92578125
BTO,2027-03-08,0.0,21639.76953125
BTO,2027-03-09,0.0,21523.43359375
BTO,2027-03-10,0.0,21595.29296875
BTO,2027-03-11,0.0,21486.83984375
BTO,2027-03-12,0.0,21870.310546875
BTO,2027-03-13,0.0,22789.05859375
BTO,2027-03-14,0.0,23837.18359375
BTO,2027-03-15,0.0,25094.640625
BTO,2027-03-16,0.0,25745.14453125
BTO,2027-03-17,0.0,25127.140625
BTO,2027-03-18,0.0,25476.919921875
BTO,2027-03-19,0.0,25675.876953125
BTO,2027-03-20,0.0,25168.751953125
BTO,2027-03-21,0.0,26125.072265625
BTO,2027-03-22,0.0,26337.697265625
BTO,2027-03-23,0.0,26984.5546875
BTO,2027-03-24,0.0,28034.294921875
BTO,2027-03-25,0.0,27334.2265625
BTO,2027-03-26,0.0,25649.9921875
BTO,2027-03-27,0.0,23854.9609375
BTO,2027-03-28,0.0,24375.455078125
BTO,2027-03-29,0.0,25769.505859375
BTO,2027-03-30,0.0,25736.44140625
BTO,2027-03-31,0.0,25937.416015625
BTO,2027-04-01,6.25,26287.796875
BTO,2027-04-02,6.25,27613.98828125
BTO,2027-04-03,6.25,29116.21484375
BTO,2027-04-04,6.25,27949.857421875
BTO,2027-04-05,6.25,27898.076171875
BTO,2027-04-06,6.25,27861.1015625
BTO,2027-04-07,6.25,28091.240234375
BTO,2027-04-08,6.25,27942.53125
BTO,2027-04-09,6.25,27813.5703125
BTO,2027-04-10,6.25,27990.564453125
BTO,2027-04-11,6.25,29140.421875
BTO,2027-04-12,6.25,29146.375
BTO,2027-04-13,6.25,29455.44140625
BTO,2027-04-14,6.25,29516.982421875
BTO,2027-04-15,6.25,29978.50390625
BTO,2027-04-16,6.25,31175.259765625
BTO,2027-04-17,6.25,32821.76171875
BTO,2027-04-18,6.25,32568.333984375
BTO,2027-04-19,6.25,32586.7578125
BTO,2027-04-20,6.25,33586.74609375
BTO,2027-04-21,6.25,33617.5859375
BTO,2027-04-22,6.25,33621.68359375
BTO,2027-04-23,6.25,34032.95703125
BTO,2027-04-24,6.25,33938.45703125
BTO,2027-04-25,6.25,34233.48828125
BTO,2027-04-26,6.25,33589.01171875
BTO,2027-04-27,6.25,34908.16796875
BTO,2027-04-28,6.25,35377.390625
BTO,2027-04-29,6.25,35732.23828125
BTO,2027-04-30,6.25,36401.77734375
BTO,2027-05-01,13.0,36297.36328125
BTO,2027-05-02,13.0,36633.04296875
BTO,2027-05-03,13.0,37415.7421875
BTO,2027-05-04,13.0,34942.09375
BTO,2027-05-05,13.0,35089.23046875
BTO,2027-05-06,13.0,35423.15625
BTO,2027-05-07,13.0,36310.5
BTO,2027-05-08,13.0,38469.6875
BTO,2027-05-09,13.0,39935.71484375
BTO,2027-05-10,13.0,40906.73046875
BTO,2027-05-11,13.0,40905.59375
BTO,2027-05-12,13.0,40825.1953125
BTO,2027-05-13,13.0,41249.78125
BTO,2027-05-14,13.0,42134.8359375
BTO,2027-05-15,13.0,42932.3984375
BTO,2027-05-16,13.0,43159.765625
BTO,2027-05-17,13.0,44369.84375
BTO,2027-05-18,13.0,45704.58203125
BTO,2027-05-19,13.0,45913.54296875
BTO,2027-05-20,13.0,45785.96484375
BTO,2027-05-21,13.0,46139.71484375
BTO,2027-05-22,13.0,45892.49609375
BTO,2027-05-23,13.0,45546.65234375
BTO,2027-05-24,13.0,46401.37890625
BTO,2027-05-25,13.0,46496.98046875
BTO,2027-05-26,13.0,46336.30078125
BTO,2027-05-27,13.0,46326.4296875
BTO,2027-05-28,13.0,45998.81640625
BTO,2027-05-29,13.0,45556.3515625
BTO,2027-05-30,13.0,45892.51953125
BTO,2027-05-31,13.0,45994.9140625
BTO,2027-06-01,8.0,46929.30859375
BTO,2027-06-02,8.0,47217.15625
BTO,2027-06-03,8.0,47000.15625
BTO,2027-06-04,8.0,46677.14453125
BTO,2027-06-05,8.0,46985.75390625
BTO,2027-06-06,8.0,47099.4765625
BTO,2027-06-07,8.0,47456.7109375
BTO,2027-06-08,8.0,47267.5625
BTO,2027-06-09,8.0,46918.51171875
BTO,2027-06-10,8.0,46991.28125
BTO,2027-06-11,8.0,47588.7421875
BTO,2027-06-12,8.0,47485.09765625
BTO,2027-06-13,8.0,46915.17578125
BTO,2027-06-14,8.0,46197.57421875
BTO,2027-06-15,8.0,46527.01953125
BTO,2027-06-16,8.0,46087.8125
BTO,2027-06-17,8.0,45379.91796875
BTO,2027-06-18,8.0,44571.23828125
BTO,2027-06-19,8.0,44460.56640625
BTO,2027-06-20,8.0,45990.4375
BTO,2027-06-21,8.0,45898.38671875
BTO,2027-06-22,8.0,46203.73828125
BTO,2027-06-23,8.0,46500.59375
BTO,2027-06-24,8.0,46763.875
BTO,2027-06-25,8.0,46658.03125
BTO,2027-06-26,8.0,46409.12890625
BTO,2027-06-27,8.0,46349.31640625
BTO,2027-06-28,8.0,46426.375
BTO,2027-06-29,8.0,46585.1796875
BTO,2027-06-30,8.0,46634.76953125
BTO,2027-07-01,0.0,43801.50390625
BTO,2027-07-02,0.0,41716.51953125
BTO,2027-07-03,0.0,38076.78125
BTO,2027-07-04,0.0,34199.26171875
BTO,2027-07-05,0.0,31543.142578125
BTO,2027-07-06,0.0,28070.357421875
BTO,2027-07-07,0.0,24393.42578125
BTO,2027-07-08,0.0,23277.9765625
BTO,2027-07-09,0.0,21354.46875
BTO,2027-07-10,0.0,20545.79296875
BTO,2027-07-11,0.0,21787.9453125
BTO,2027-07-12,0.0,21882.42578125
BTO,2027-07-13,0.0,22304.6328125
BTO,2027-07-14,0.0,22221.8828125
BTO,2027-07-15,0.0,22999.20703125
BTO,2027-07-16,0.0,23506.546875
BTO,2027-07-17,0.0,25341.56640625
BTO,2027-07-18,0.0,26754.72265625
BTO,2027-07-19,0.0,25502.462890625
BTO,2027-07-20,0.0,26542.595703125
BTO,2027-07-21,0.0,28768.076171875
BTO,2027-07-22,0.0,30393.990234375
BTO,2027-07-23,0.0,32519.89453125
BTO,2027-07-24,0.0,31448.55078125
BTO,2027-07-25,0.0,32027.46875
BTO,2027-07-26,0.0,32868.39453125
BTO,2027-07-27,0.0,32535.71875
BTO,2027-07-28,0.0,33247.36328125
BTO,2027-07-29,0.0,33867.515625
BTO,2027-07-30,0.0,32042.2109375
BTO,2027-07-31,0.0,32148.25
BTO,2027-08-01,4.0,32051.970703125
BTO,2027-08-02,4.0,33292.984375
BTO,2027-08-03,4.0,33524.484375
BTO,2027-08-04,4.0,32988.53125
BTO,2027-08-05,4.0,32683.6640625
BTO,2027-08-06,4.0,32587.47265625
BTO,2027-08-07,4.0,32885.7109375
BTO,2027-08-08,4.0,33898.5
BTO,2027-08-09,4.0,34632.296875
BTO,2027-08-10,4.0,35854.07421875
BTO,2027-08-11,4.0,35993.47265625
BTO,2027-08-12,4.0,35353.15234375
BTO,2027-08-13,4.0,34959.2890625
BTO,2027-08-14,4.0,34679.31640625
BTO,2027-08-15,4.0,35181.53515625
BTO,2027-08-16,4.0,34484.3984375
BTO,2027-08-17,4.0,33418.6953125
BTO,2027-08-18,4.0,33967.65234375
BTO,2027-08-19,4.0,33463.71875
BTO,2027-08-20,4.0,34107.51953125
BTO,2027-08-21,4.0,33920.609375
BTO,2027-08-22,4.0,33755.125
BTO,2027-08-23,4.0,35183.15234375
BTO,2027-08-24,4.0,36163.9453125
BTO,2027-08-25,4.0,37211.92578125
BTO,2027-08-26,4.0,35579.046875
BTO,2027-08-27,4.0,34995.17578125
BTO,2027-08-28,4.0,34505.3359375
BTO,2027-08-29,4.0,34265.359375
BTO,2027-08-30,4.0,34384.703125
BTO,2027-08-31,4.0,33098.78515625
BTO,2027-09-01,8.0,34753.40625
BTO,2027-09-02,8.0,36451.03125
BTO,2027-09-03,8.0,36833.46875
BTO,2027-09-04,8.0,37381.453125
BTO,2027-09-05,8.0,36205.40625
BTO,2027-09-06,8.0,35917.375
BTO,2027-09-07,8.0,36104.44140625
BTO,2027-09-08,8.0,36871.37890625
BTO,2027-09-09,8.0,37053.171875
BTO,2027-09-10,8.0,37455.5703125
BTO,2027-09-11,8.0,37563.8203125
BTO,2027-09-12,8.0,37331.25390625
BTO,2027-09-13,8.0,37331.51953125
BTO,2027-09-14,8.0,37213.78515625
BTO,2027-09-15,8.0,36834.24609375
BTO,2027-09-16,8.0,37359.65625
BTO,2027-09-17,8.0,37059.51953125
EME,2026-09-21,4.0,32176.673828125
EME,2026-09-22,4.0,26518.37109375
EME,2026-09-23,4.0,26525.228515625
EME,2026-09-24,4.0,25208.87109375
EME,2026-09-25,4.0,23810.595703125
EME,2026-09-26,4.0,27108.986328125
EME,2026-09-27,4.0,24366.734375
EME,2026-09-28,4.0,24782.068359375
EME,2026-09-29,4.0,23784.185546875
EME,2026-09-30,4.0,24197.876953125
EME,2026-10-01,4.0,27005.796875
EME,2026-10-02,4.0,24811.634765625
EME,2026-10-03,4.0,25443.708984375
EME,2026-10-04,4.0,24158.0859375
EME,2026-10-05,4.0,25012.212890625
EME,2026-10-06,4.0,25509.623046875
EME,2026-10-07,4.0,24563.9140625
EME,2026-10-08,4.0,23407.34765625
EME,2026-10-09,4.0,23522.396484375
EME,2026-10-10,4.0,24579.259765625
EME,2026-10-11,4.0,24261.291015625
EME,2026-10-12,4.0,25124.2578125
EME,2026-10-13,4.0,26376.2109375
EME,2026-10-14,4.0,26174.734375
EME,2026-10-15,4.0,26939.88671875
EME,2026-10-16,4.0,27527.806640625
EME,2026-10-17,4.0,27308.697265625
EME,2026-10-18,4.0,24867.771484375
EME,2026-10-19,4.0,25678.482421875
EME,2026-10-20,4.0,25513.8203125
EME,2026-10-21,4.0,25347.359375
EME,2026-10-22,4.0,25556.845703125
EME,2026-10-23,4.0,25469.68359375
EME,2026-10-24,4.0,25682.888671875
EME,2026-10-25,4.0,25457.0625
EME,2026-10-26,4.0,25800.396484375
EME,2026-10-27,4.0,25151.76953125
EME,2026-10-28,4.0,25633.53515625
EME,2026-10-29,4.0,25784.712890625
EME,2026-10-30,4.0,25252.666015625
EME,2026-10-31,4.0,25502.072265625
EME,2026-11-01,6.0,27206.95703125
EME,2026-11-02,6.0,28326.7109375
EME,2026-11-03,6.0,29178.7578125
EME,2026-11-04,6.0,29106.16796875
EME,2026-11-05,6.0,29494.75390625
EME,2026-11-06,6.0,31392.154296875
EME,2026-11-07,6.0,30844.60546875
EME,2026-11-08,6.0,32226.412109375
EME,2026-11-09,6.0,33516.578125
EME,2026-11-10,6.0,36337.51953125
EME,2026-11-11,6.0,34626.25
EME,2026-11-12,6.0,33402.5859375
EME,2026-11-13,6.0,35009.28515625
EME,2026-11-14,6.0,33650.0
EME,2026-11-15,6.0,34808.16015625
EME,2026-11-16,6.0,34314.9453125
EME,2026-11-17,6.0,34871.34375
EME,2026-11-18,6.0,35122.12890625
EME,2026-11-19,6.0,35158.15625
EME,2026-11-20,6.0,35276.7265625
EME,2026-11-21,6.0,35343.72265625
EME,2026-11-22,6.0,35642.16015625
EME,2026-11-23,6.0,35492.49609375
EME,2026-11-24,6.0,34835.5390625
EME,2026-11-25,6.0,34544.9453125
EME,2026-11-26,6.0,34353.85546875
EME,2026-11-27,6.0,34311.44921875
EME,2026-11-28,6.0,33803.5859375
EME,2026-11-29,6.0,34977.66796875
EME,2026-11-30,6.0,34204.4765625
EME,2026-12-01,0.0,31466.837890625
EME,2026-12-02,0.0,26383.994140625
EME,2026-12-03,0.0,25605.890625
EME,2026-12-04,0.0,29175.744140625
EME,2026-12-05,0.0,27960.21875
EME,2026-12-06,0.0,26490.23046875
EME,2026-12-07,0.0,24147.33203125
EME,2026-12-08,0.0,23119.1640625
EME,2026-12-09,0.0,23906.55078125
EME,2026-12-10,0.0,23220.599609375
EME,2026-12-11,0.0,23919.404296875
EME,2026-12-12,0.0,23581.962890625
EME,2026-12-13,0.0,23849.75
EME,2026-12-14,0.0,23584.8359375
EME,2026-12-15,0.0,22158.556640625
EME,2026-12-16,0.0,20411.234375
EME,2026-12-17,0.0,17292.734375
EME,2026-12-18,0.0,15797.986328125
EME,2026-12-19,0.0,16209.8310546875
EME,2026-12-20,0.0,16860.638671875
EME,2026-12-21,0.0,16238.78125
EME,2026-12-22,0.0,16571.49609375
EME,2026-12-23,0.0,15582.4033203125
EME,2026-12-24,0.0,15662.6240234375
EME,2026-12-25,0.0,15221.6748046875
EME,2026-12-26,0.0,14661.5048828125
EME,2026-12-27,0.0,15434.1982421875
EME,2026-12-28,0.0,14518.640625
EME,2026-12-29,0.0,15535.927734375
EME,2026-12-30,0.0,14942.505859375
EME,2026-12-31,0.0,15745.2119140625
EME,2027-01-01,0.0,16861.39453125
EME,2027-01-02,0.0,16714.462890625
EME,2027-01-03,0.0,16337.45703125
EME,2027-01-04,0.0,15112.5751953125
EME,2027-01-05,0.0,13212.2861328125
EME,2027-01-06,0.0,12109.703125
EME,2027-01-07,0.0,11001.634765625
EME,2027-01-08,0.0,10089.1201171875
EME,2027-01-09,0.0,10363.03515625
EME,2027-01-10,0.0,10962.689453125
EME,2027-01-11,0.0,11496.3681640625
EME,2027-01-12,0.0,12511.369140625
EME,2027-01-13,0.0,11858.5732421875
EME,2027-01-14,0.0,11555.439453125
EME,2027-01-15,0.0,8682.5712890625
EME,2027-01-16,0.0,6611.61474609375
EME,2027-01-17,0.0,6809.08935546875
EME,2027-01-18,0.0,6266.00048828125
EME,2027-01-19,0.0,6077.0439453125
EME,2027-01-20,0.0,5306.52685546875
EME,2027-01-21,0.0,4257.4208984375
EME,2027-01-22,0.0,3229.468017578125
EME,2027-01-23,0.0,2409.355224609375
EME,2027-01-24,0.0,1866.3077392578125
EME,2027-01-25,0.0,1702.2987060546875
EME,2027-01-26,0.0,1249.5106201171875
EME,2027-01-27,0.0,1239.5904541015625
EME,2027-01-28,0.0,1147.799560546875
EME,2027-01-29,0.0,1247.6602783203125
EME,2027-01-30,0.0,387.52880859375
EME,2027-01-31,0.0,0.0
EME,2027-02-01,0.0,0.0
EME,2027-02-02,0.0,404.95281982421875
EME,2027-02-03,0.0,0.0
EME,2027-02-04,0.0,0.0
EME,2027-02-05,0.0,0.0
EME,2027-02-06,0.0,266.0621032714844
EME,2027-02-07,0.0,7.4731950759887695
EME,2027-02-08,0.0,199.2511444091797
EME,2027-02-09,0.0,440.36907958984375
EME,2027-02-10,0.0,119.07584381103516
EME,2027-02-11,0.0,0.0
EME,2027-02-12,0.0,20.97137451171875
EME,2027-02-13,0.0,10.997113227844238
EME,2027-02-14,0.0,0.0
EME,2027-02-15,0.0,19.490013122558594
EME,2027-02-16,0.0,104.77283477783203
EME,2027-02-17,0.0,0.0
EME,2027-02-18,0.0,28.505096435546875
EME,2027-02-19,0.0,91.09564971923828
EME,2027-02-20,0.0,434.1299133300781
EME,2027-02-21,0.0,297.74676513671875
EME,2027-02-22,0.0,336.3404541015625
EME,2027-02-23,0.0,385.2176818847656
EME,2027-02-24,0.0,490.1001281738281
EME,2027-02-25,0.0,1272.4869384765625
EME,2027-02-26,0.0,1677.5447998046875
EME,2027-02-27,0.0,1931.4765625
EME,2027-02-28,0.0,2091.408447265625
EME,2027-03-01,0.0,1871.9727783203125
EME,2027-03-02,0.0,1886.2467041015625
EME,2027-03-03,0.0,1933.0504150390625
EME,2027-03-04,0.0,1619.6378173828125
EME,2027-03-05,0.0,1361.3828125
EME,2027-03-06,0.0,1312.4208984375
EME,2027-03-07,0.0,1334.51611328125
EME,2027-03-08,0.0,1299.4619140625
EME,2027-03-09,0.0,1333.9505615234375
EME,2027-03-10,0.0,1346.9927978515625
EME,2027-03-11,0.0,1508.050048828125
EME,2027-03-12,0.0,1907.129150390625
EME,2027-03-13,0.0,1879.4935302734375
EME,2027-03-14,0.0,1839.419189453125
EME,2027-03-15,0.0,1780.161865234375
EME,2027-03-16,0.0,1755.159912109375
EME,2027-03-17,0.0,1874.950439453125
EME,2027-03-18,0.0,1891.0843505859375
EME,2027-03-19,0.0,1683.3016357421875
EME,2027-03-20,0.0,2182.587646484375
EME,2027-03-21,0.0,3678.712890625
EME,2027-03-22,0.0,7257.64501953125
EME,2027-03-23,0.0,6545.46044921875
EME,2027-03-24,0.0,6902.27587890625
EME,2027-03-25,0.0,5019.453125
EME,2027-03-26,0.0,4056.76416015625
EME,2027-03-27,0.0,3735.191650390625
EME,2027-03-28,0.0,3823.2470703125
EME,2027-03-29,0.0,4142.7001953125
EME,2027-03-30,0.0,3982.70166015625
EME,2027-03-31,0.0,3759.172119140625
EME,2027-04-01,1.0,7003.7578125
EME,2027-04-02,1.0,8964.7666015625
EME,2027-04-03,1.0,8024.8642578125
EME,2027-04-04,1.0,8449.3701171875
EME,2027-04-05,1.0,8905.5029296875
EME,2027-04-06,1.0,8643.251953125
EME,2027-04-07,1.0,8472.0830078125
EME,2027-04-08,1.0,8087.59619140625
EME,2027-04-09,1.0,7652.89794921875
EME,2027-04-10,1.0,7817.63232421875
EME,2027-04-11,1.0,7715.78759765625
EME,2027-04-12,1.0,8120.59716796875
EME,2027-04-13,1.0,7604.58544921875
EME,2027-04-14,1.0,7119.6435546875
EME,2027-04-15,1.0,7415.1083984375
EME,2027-04-16,1.0,7902.28076171875
EME,2027-04-17,1.0,7630.708984375
EME,2027-04-18,1.0,8022.884765625
EME,2027-04-19,1.0,8616.0751953125
EME,2027-04-20,1.0,8960.7119140625
EME,2027-04-21,1.0,9303.95703125
EME,2027-04-22,1.0,8928.7568359375
EME,2027-04-23,1.0,8177.7607421875
EME,2027-04-24,1.0,8266.3486328125
EME,2027-04-25,1.0,8722.236328125
EME,2027-04-26,1.0,8668.9296875
EME,2027-04-27,1.0,8648.6201171875
EME,2027-04-28,1.0,8646.8349609375
EME,2027-04-29,1.0,8659.7646484375
EME,2027-04-30,1.0,8817.8701171875
EME,2027-05-01,5.0,9634.6884765625
EME,2027-05-02,5.0,10143.146484375
EME,2027-05-03,5.0,11372.4169921875
EME,2027-05-04,5.0,12220.6298828125
EME,2027-05-05,5.0,12514.7265625
EME,2027-05-06,5.0,13087.009765625
EME,2027-05-07,5.0,13339.5400390625
EME,2027-05-08,5.0,13837.76171875
EME,2027-05-09,5.0,14705.4013671875
EME,2027-05-10,5.0,16468.27734375
EME,2027-05-11,5.0,17371.22265625
EME,2027-05-12,5.0,17606.306640625
EME,2027-05-13,5.0,18566.919921875
EME,2027-05-14,5.0,18459.408203125
EME,2027-05-15,5.0,17747.947265625
EME,2027-05-16,5.0,18867.23046875
EME,2027-05-17,5.0,18028.869140625
EME,2027-05-18,5.0,18565.52734375
EME,2027-05-19,5.0,18477.251953125
EME,2027-05-20,5.0,18237.623046875
EME,2027-05-21,5.0,18185.41015625
EME,2027-05-22,5.0,18397.740234375
EME,2027-05-23,5.0,17615.421875
EME,2027-05-24,5.0,18216.109375
EME,2027-05-25,5.0,17871.666015625
EME,2027-05-26,5.0,17337.1015625
EME,2027-05-27,5.0,16801.236328125
EME,2027-05-28,5.0,17424.828125
EME,2027-05-29,5.0,17098.056640625
EME,2027-05-30,5.0,16958.10546875
EME,2027-05-31,5.0,17406.69921875
EME,2027-06-01,4.0,16889.470703125
EME,2027-06-02,4.0,16247.03125
EME,2027-06-03,4.0,16895.02734375
EME,2027-06-04,4.0,16701.08984375
EME,2027-06-05,4.0,16935.00390625
EME,2027-06-06,4.0,16521.78515625
EME,2027-06-07,4.0,16841.806640625
EME,2027-06-08,4.0,16811.791015625
EME,2027-06-09,4.0,17130.208984375
EME,2027-06-10,4.0,17135.349609375
EME,2027-06-11,4.0,16317.833984375
EME,2027-06-12,4.0,16777.05078125
EME,2027-06-13,4.0,16764.6171875
EME,2027-06-14,4.0,16786.271484375
EME,2027-06-15,4.0,16689.146484375
EME,2027-06-16,4.0,16761.87109375
EME,2027-06-17,4.0,16821.07421875
EME,2027-06-18,4.0,16590.947265625
EME,2027-06-19,4.0,16822.001953125
EME,2027-06-20,4.0,16577.888671875
EME,2027-06-21,4.0,17002.14453125
EME,2027-06-22,4.0,16839.9609375
EME,2027-06-23,4.0,16982.638671875
EME,2027-06-24,4.0,17389.021484375
EME,2027-06-25,4.0,17019.12109375
EME,2027-06-26,4.0,16441.59375
EME,2027-06-27,4.0,16960.302734375
EME,2027-06-28,4.0,16450.291015625
EME,2027-06-29,4.0,16524.353515625
EME,2027-06-30,4.0,16757.66796875
EME,2027-07-01,0.0,15897.4052734375
EME,2027-07-02,0.0,14225.994140625
EME,2027-07-03,0.0,13692.4853515625
EME,2027-07-04,0.0,12165.0
EME,2027-07-05,0.0,11276.8271484375
EME,2027-07-06,0.0,10251.1083984375
EME,2027-07-07,0.0,9190.9833984375
EME,2027-07-08,0.0,8747.619140625
EME,2027-07-09,0.0,8742.546875
EME,2027-07-10,0.0,8930.8994140625
EME,2027-07-11,0.0,9430.943359375
EME,2027-07-12,0.0,9585.3115234375
EME,2027-07-13,0.0,10002.66796875
EME,2027-07-14,0.0,10266.873046875
EME,2027-07-15,0.0,10955.06640625
EME,2027-07-16,0.0,11050.869140625
EME,2027-07-17,0.0,10877.185546875
EME,2027-07-18,0.0,10552.935546875
EME,2027-07-19,0.0,10500.3564453125
EME,2027-07-20,0.0,10478.029296875
EME,2027-07-21,0.0,11061.5244140625
EME,2027-07-22,0.0,11323.1181640625
EME,2027-07-23,0.0,11807.9892578125
EME,2027-07-24,0.0,11915.728515625
EME,2027-07-25,0.0,11507.40625
EME,2027-07-26,0.0,11389.873046875
EME,2027-07-27,0.0,11192.349609375
EME,2027-07-28,0.0,10784.7724609375
EME,2027-07-29,0.0,10256.0947265625
EME,2027-07-30,0.0,9388.3134765625
EME,2027-07-31,0.0,9001.63671875
EME,2027-08-01,2.0,8608.767578125
EME,2027-08-02,2.0,10891.1572265625
EME,2027-08-03,2.0,13850.912109375
EME,2027-08-04,2.0,14173.9541015625
EME,2027-08-05,2.0,15272.9599609375
EME,2027-08-06,2.0,15385.5498046875
EME,2027-08-07,2.0,15732.2392578125
EME,2027-08-08,2.0,14943.646484375
EME,2027-08-09,2.0,14998.5966796875
EME,2027-08-10,2.0,15436.1552734375
EME,2027-08-11,2.0,15336.4970703125
EME,2027-08-12,2.0,15528.8759765625
EME,2027-08-13,2.0,15867.5478515625
EME,2027-08-14,2.0,16649.251953125
EME,2027-08-15,2.0,17151.9140625
EME,2027-08-16,2.0,15829.6357421875
EME,2027-08-17,2.0,15245.8994140625
EME,2027-08-18,2.0,15165.884765625
EME,2027-08-19,2.0,15284.412109375
EME,2027-08-20,2.0,15318.0771484375
EME,2027-08-21,2.0,14761.8125
EME,2027-08-22,2.0,14928.6220703125
EME,2027-08-23,2.0,15389.7275390625
EME,2027-08-24,2.0,15050.9580078125
EME,2027-08-25,2.0,15193.2890625
EME,2027-08-26,2.0,15196.8369140625
EME,2027-08-27,2.0,15255.8515625
EME,2027-08-28,2.0,14480.0390625
EME,2027-08-29,2.0,14625.6435546875
EME,2027-08-30,2.0,14737.6533203125
EME,2027-08-31,2.0,14504.0654296875
EME,2027-09-01,4.0,15732.10546875
EME,2027-09-02,4.0,16383.103515625
EME,2027-09-03,4.0,16778.72265625
EME,2027-09-04,4.0,16614.23828125
EME,2027-09-05,4.0,16675.564453125
EME,2027-09-06,4.0,16440.283203125
EME,2027-09-07,4.0,16555.57421875
EME,2027-09-08,4.0,16918.3515625
EME,2027-09-09,4.0,16554.634765625
EME,2027-09-10,4.0,17053.939453125
EME,2027-09-11,4.0,16232.7490234375
EME,2027-09-12,4.0,16925.216796875
EME,2027-09-13,4.0,16693.765625
EME,2027-09-14,4.0,16495.55859375
EME,2027-09-15,4.0,17472.330078125
EME,2027-09-16,4.0,16995.73046875
EME,2027-09-17,4.0,16718.205078125
EME,2027-09-18,4.0,16981.689453125
EME,2027-09-19,4.0,17119.1171875
EME,2027-09-20,4.0,16370.00390625
GNT,2026-09-21,8.0,18817.017578125
GNT,2026-09-22,8.0,15303.1240234375
GNT,2026-09-23,8.0,12882.4140625
GNT,2026-09-24,8.0,12174.2255859375
GNT,2026-09-25,8.0,11586.99609375
GNT,2026-09-26,8.0,11507.8701171875
GNT,2026-09-27,8.0,10612.83203125
GNT,2026-09-28,8.0,10275.4189453125
GNT,2026-09-29,8.0,9572.587890625
GNT,2026-09-30,8.0,9438.060546875
GNT,2026-10-01,13.7,9291.822265625
GNT,2026-10-02,13.7,10689.62109375
GNT,2026-10-03,13.7,11288.2109375
GNT,2026-10-04,13.7,11547.396484375
GNT,2026-10-05,13.7,10760.4638671875
GNT,2026-10-06,13.7,10648.271484375
GNT,2026-10-07,13.7,10229.2001953125
GNT,2026-10-08,13.7,10080.8251953125
GNT,2026-10-09,13.7,10236.9755859375
GNT,2026-10-10,13.7,11646.0048828125
GNT,2026-10-11,13.7,12085.388671875
GNT,2026-10-12,13.7,12108.95703125
GNT,2026-10-13,13.7,12312.49609375
GNT,2026-10-14,13.7,12018.3583984375
GNT,2026-10-15,13.7,12679.59375
GNT,2026-10-16,13.7,13985.587890625
GNT,2026-10-17,13.7,14956.8125
GNT,2026-10-18,13.7,15590.2958984375
GNT,2026-10-19,13.7,15785.9609375
GNT,2026-10-20,13.7,16248.8671875
GNT,2026-10-21,13.7,16829.6171875
GNT,2026-10-22,13.7,16384.64453125
GNT,2026-10-23,13.7,17162.060546875
GNT,2026-10-24,13.7,16698.82421875
GNT,2026-10-25,13.7,17029.306640625
GNT,2026-10-26,13.7,17133.974609375
GNT,2026-10-27,13.7,17295.81640625
GNT,2026-10-28,13.7,17288.16796875
GNT,2026-10-29,13.7,16836.154296875
GNT,2026-10-30,13.7,17627.01953125
GNT,2026-10-31,13.7,17904.22265625
GNT,2026-11-01,9.8,16965.71875
GNT,2026-11-02,9.8,15908.5673828125
GNT,2026-11-03,9.8,15856.30859375
GNT,2026-11-04,9.8,15827.1962890625
GNT,2026-11-05,9.8,15417.05078125
GNT,2026-11-06,9.8,14826.712890625
GNT,2026-11-07,9.8,15530.8740234375
GNT,2026-11-08,9.8,14372.203125
GNT,2026-11-09,9.8,13546.5380859375
GNT,2026-11-10,9.8,12283.75390625
GNT,2026-11-11,9.8,12093.4306640625
GNT,2026-11-12,9.8,12172.8095703125
GNT,2026-11-13,9.8,12459.8974609375
GNT,2026-11-14,9.8,12339.080078125
GNT,2026-11-15,9.8,11755.2119140625
GNT,2026-11-16,9.8,11080.1943359375
GNT,2026-11-17,9.8,11127.7841796875
GNT,2026-11-18,9.8,11106.509765625
GNT,2026-11-19,9.8,11314.228515625
GNT,2026-11-20,9.8,10804.087890625
GNT,2026-11-21,9.8,10011.0380859375
GNT,2026-11-22,9.8,8976.0859375
GNT,2026-11-23,9.8,9421.3779296875
GNT,2026-11-24,9.8,9418.3818359375
GNT,2026-11-25,9.8,9621.3955078125
GNT,2026-11-26,9.8,10029.0224609375
GNT,2026-11-27,9.8,10212.625
GNT,2026-11-28,9.8,9816.455078125
GNT,2026-11-29,9.8,9398.400390625
GNT,2026-11-30,9.8,9793.341796875
GNT,2026-12-01,0.2,8439.4990234375
GNT,2026-12-02,0.2,7985.56689453125
GNT,2026-12-03,0.2,7855.232421875
GNT,2026-12-04,0.2,7468.4423828125
GNT,2026-12-05,0.2,7497.31591796875
GNT,2026-12-06,0.2,7072.47412109375
GNT,2026-12-07,0.2,7535.21142578125
GNT,2026-12-08,0.2,6949.857421875
GNT,2026-12-09,0.2,6815.48828125
GNT,2026-12-10,0.2,6145.31103515625
GNT,2026-12-11,0.2,5830.298828125
GNT,2026-12-12,0.2,6072.37841796875
GNT,2026-12-13,0.2,5914.26953125
GNT,2026-12-14,0.2,5294.6572265625
GNT,2026-12-15,0.2,6429.4853515625
GNT,2026-12-16,0.2,6994.00341796875
GNT,2026-12-17,0.2,9054.9228515625
GNT,2026-12-18,0.2,7983.125
GNT,2026-12-19,0.2,7149.16064453125
GNT,2026-12-20,0.2,6395.64892578125
GNT,2026-12-21,0.2,4928.16162109375
GNT,2026-12-22,0.2,4814.49169921875
GNT,2026-12-23,0.2,4653.58837890625
GNT,2026-12-24,0.2,4420.423828125
GNT,2026-12-25,0.2,4137.27001953125
GNT,2026-12-26,0.2,3828.14697265625
GNT,2026-12-27,0.2,3937.67529296875
GNT,2026-12-28,0.2,3440.052978515625
GNT,2026-12-29,0.2,3079.657470703125
GNT,2026-12-30,0.2,2774.00732421875
GNT,2026-12-31,0.2,2601.732666015625
GNT,2027-01-01,0.0,2551.740966796875
GNT,2027-01-02,0.0,2274.396484375
GNT,2027-01-03,0.0,2307.40283203125
GNT,2027-01-04,0.0,2242.47998046875
GNT,2027-01-05,0.0,2248.201416015625
GNT,2027-01-06,0.0,2438.91845703125
GNT,2027-01-07,0.0,2446.568359375
GNT,2027-01-08,0.0,2522.775390625
GNT,2027-01-09,0.0,2507.236083984375
GNT,2027-01-10,0.0,2470.19970703125
GNT,2027-01-11,0.0,2621.741455078125
GNT,2027-01-12,0.0,2780.58740234375
GNT,2027-01-13,0.0,2877.7138671875
GNT,2027-01-14,0.0,2962.957275390625
GNT,2027-01-15,0.0,2878.328125
GNT,2027-01-16,0.0,2930.35888671875
GNT,2027-01-17,0.0,3010.656494140625
GNT,2027-01-18,0.0,2900.95166015625
GNT,2027-01-19,0.0,2935.046630859375
GNT,2027-01-20,0.0,2895.41357421875
GNT,2027-01-21,0.0,2884.1015625
GNT,2027-01-22,0.0,2710.913818359375
GNT,2027-01-23,0.0,2307.061767578125
GNT,2027-01-24,0.0,2280.091552734375
GNT,2027-01-25,0.0,2272.81689453125
GNT,2027-01-26,0.0,2302.219482421875
GNT,2027-01-27,0.0,2226.00244140625
GNT,2027-01-28,0.0,2282.0830078125
GNT,2027-01-29,0.0,2276.4677734375
GNT,2027-01-30,0.0,2167.641845703125
GNT,2027-01-31,0.0,2173.6298828125
GNT,2027-02-01,0.0,2167.80078125
GNT,2027-02-02,0.0,2175.88134765625
GNT,2027-02-03,0.0,2189.81005859375
GNT,2027-02-04,0.0,2176.015380859375
GNT,2027-02-05,0.0,2188.112548828125
GNT,2027-02-06,0.0,2038.21044921875
GNT,2027-02-07,0.0,1728.335693359375
GNT,2027-02-08,0.0,1271.642578125
GNT,2027-02-09,0.0,1125.75830078125
GNT,2027-02-10,0.0,1098.6986083984375
GNT,2027-02-11,0.0,1032.417236328125
GNT,2027-02-12,0.0,961.7060546875
GNT,2027-02-13,0.0,903.8176879882812
GNT,2027-02-14,0.0,722.38671875
GNT,2027-02-15,0.0,564.2630004882812
GNT,2027-02-16,0.0,553.9052734375
GNT,2027-02-17,0.0,548.7719116210938
GNT,2027-02-18,0.0,550.1316528320312
GNT,2027-02-19,0.0,540.509033203125
GNT,2027-02-20,0.0,511.4075012207031
GNT,2027-02-21,0.0,455.6484069824219
GNT,2027-02-22,0.0,380.4136657714844
GNT,2027-02-23,0.0,329.7402038574219
GNT,2027-02-24,0.0,277.7059631347656
GNT,2027-02-25,0.0,277.7059631347656
GNT,2027-02-26,0.0,277.7059631347656
GNT,2027-02-27,0.0,268.6983947753906
GNT,2027-02-28,0.0,268.6983947753906
GNT,2027-03-01,0.0,277.1060485839844
GNT,2027-03-02,0.0,277.1060485839844
GNT,2027-03-03,0.0,242.95852661132812
GNT,2027-03-04,0.0,217.92410278320312
GNT,2027-03-05,0.0,144.83792114257812
GNT,2027-03-06,0.0,117.377685546875
GNT,2027-03-07,0.0,92.86747741699219
GNT,2027-03-08,0.0,103.22090911865234
GNT,2027-03-09,0.0,102.90938568115234
GNT,2027-03-10,0.0,92.04072570800781
GNT,2027-03-11,0.0,87.90913391113281
GNT,2027-03-12,0.0,82.03646087646484
GNT,2027-03-13,0.0,81.28585815429688
GNT,2027-03-14,0.0,109.2305679321289
GNT,2027-03-15,0.0,90.8944320678711
GNT,2027-03-16,0.0,51.28242492675781
GNT,2027-03-17,0.0,26.4722900390625
GNT,2027-03-18,0.0,0.0
GNT,2027-03-19,0.0,0.0
GNT,2027-03-20,0.0,0.0
GNT,2027-03-21,0.0,0.0
GNT,2027-03-22,0.0,0.0
GNT,2027-03-23,0.0,8.212444305419922
GNT,2027-03-24,0.0,0.0
GNT,2027-03-25,0.0,0.0
GNT,2027-03-26,0.0,0.0
GNT,2027-03-27,0.0,0.0
GNT,2027-03-28,0.0,0.0
GNT,2027-03-29,0.0,0.5725845694541931
GNT,2027-03-30,0.0,61.09779357910156
GNT,2027-03-31,0.0,45.03984069824219
GNT,2027-04-01,2.85,477.4928894042969
GNT,2027-04-02,2.85,1327.809814453125
GNT,2027-04-03,2.85,1856.6837158203125
GNT,2027-04-04,2.85,2223.865234375
GNT,2027-04-05,2.85,2873.136474609375
GNT,2027-04-06,2.85,2838.288818359375
GNT,2027-04-07,2.85,2880.09228515625
GNT,2027-04-08,2.85,3349.89892578125
GNT,2027-04-09,2.85,3928.546875
GNT,2027-04-10,2.85,4075.604736328125
GNT,2027-04-11,2.85,4989.61669921875
GNT,2027-04-12,2.85,6328.1591796875
GNT,2027-04-13,2.85,6142.171875
GNT,2027-04-14,2.85,5981.474609375
GNT,2027-04-15,2.85,5556.7041015625
GNT,2027-04-16,2.85,5906.89501953125
GNT,2027-04-17,2.85,5707.4931640625
GNT,2027-04-18,2.85,5600.92138671875
GNT,2027-04-19,2.85,5932.3046875
GNT,2027-04-20,2.85,5301.23388671875
GNT,2027-04-21,2.85,5352.4599609375
GNT,2027-04-22,2.85,5453.35693359375
GNT,2027-04-23,2.85,5427.14794921875
GNT,2027-04-24,2.85,5553.83984375
GNT,2027-04-25,2.85,5627.39697265625
GNT,2027-04-26,2.85,5496.67431640625
GNT,2027-04-27,2.85,5291.06787109375
GNT,2027-04-28,2.85,5604.84521484375
GNT,2027-04-29,2.85,5781.21240234375
GNT,2027-04-30,2.85,5768.39794921875
GNT,2027-05-01,10.0,6404.0908203125
GNT,2027-05-02,10.0,6248.2197265625
GNT,2027-05-03,10.0,5818.49560546875
GNT,2027-05-04,10.0,5562.31640625
GNT,2027-05-05,10.0,5556.9560546875
GNT,2027-05-06,10.0,5641.10693359375
GNT,2027-05-07,10.0,5798.47021484375
GNT,2027-05-08,10.0,5857.119140625
GNT,2027-05-09,10.0,5342.62939453125
GNT,2027-05-10,10.0,5212.52001953125
GNT,2027-05-11,10.0,5110.60009765625
GNT,2027-05-12,10.0,5217.064453125
GNT,2027-05-13,10.0,5071.49853515625
GNT,2027-05-14,10.0,5167.15771484375
GNT,2027-05-15,10.0,5798.47216796875
GNT,2027-05-16,10.0,5172.47119140625
GNT,2027-05-17,10.0,5119.37890625
GNT,2027-05-18,10.0,5077.37158203125
GNT,2027-05-19,10.0,5014.841796875
GNT,2027-05-20,10.0,4914.65234375
GNT,2027-05-21,10.0,4688.28955078125
GNT,2027-05-22,10.0,4678.88427734375
GNT,2027-05-23,10.0,4682.673828125
GNT,2027-05-24,10.0,5245.7685546875
GNT,2027-05-25,10.0,5494.41455078125
GNT,2027-05-26,10.0,5540.720703125
GNT,2027-05-27,10.0,5597.72314453125
GNT,2027-05-28,10.0,5414.810546875
GNT,2027-05-29,10.0,5255.3017578125
GNT,2027-05-30,10.0,5266.69873046875
GNT,2027-05-31,10.0,6139.60009765625
GNT,2027-06-01,6.9,6462.78955078125
GNT,2027-06-02,6.9,6293.12060546875
GNT,2027-06-03,6.9,6733.34228515625
GNT,2027-06-04,6.9,7027.07568359375
GNT,2027-06-05,6.9,7742.46923828125
GNT,2027-06-06,6.9,7967.43408203125
GNT,2027-06-07,6.9,8757.041015625
GNT,2027-06-08,6.9,9618.8505859375
GNT,2027-06-09,6.9,9626.373046875
GNT,2027-06-10,6.9,9941.8671875
GNT,2027-06-11,6.9,10291.3330078125
GNT,2027-06-12,6.9,10096.98046875
GNT,2027-06-13,6.9,10012.2802734375
GNT,2027-06-14,6.9,9750.51171875
GNT,2027-06-15,6.9,8668.8046875
GNT,2027-06-16,6.9,8780.1904296875
GNT,2027-06-17,6.9,8099.88818359375
GNT,2027-06-18,6.9,8127.7666015625
GNT,2027-06-19,6.9,7930.0625
GNT,2027-06-20,6.9,8183.888671875
GNT,2027-06-21,6.9,7755.9697265625
GNT,2027-06-22,6.9,7665.85205078125
GNT,2027-06-23,6.9,7363.56201171875
GNT,2027-06-24,6.9,7828.7021484375
GNT,2027-06-25,6.9,7962.30810546875
GNT,2027-06-26,6.9,8629.7275390625
GNT,2027-06-27,6.9,8061.91845703125
GNT,2027-06-28,6.9,8096.1845703125
GNT,2027-06-29,6.9,8486.9970703125
GNT,2027-06-30,6.9,8585.6787109375
GNT,2027-07-01,1.05,8250.8115234375
GNT,2027-07-02,1.05,8074.11376953125
GNT,2027-07-03,1.05,7686.91650390625
GNT,2027-07-04,1.05,7448.4599609375
GNT,2027-07-05,1.05,7428.65673828125
GNT,2027-07-06,1.05,6618.79052734375
GNT,2027-07-07,1.05,5997.35888671875
GNT,2027-07-08,1.05,7012.39013671875
GNT,2027-07-09,1.05,8301.5
GNT,2027-07-10,1.05,9811.671875
GNT,2027-07-11,1.05,9947.0615234375
GNT,2027-07-12,1.05,9575.0341796875
GNT,2027-07-13,1.05,9447.5419921875
GNT,2027-07-14,1.05,8744.1025390625
GNT,2027-07-15,1.05,8445.4541015625
GNT,2027-07-16,1.05,8133.20556640625
GNT,2027-07-17,1.05,7249.57861328125
GNT,2027-07-18,1.05,6596.12890625
GNT,2027-07-19,1.05,6158.08203125
GNT,2027-07-20,1.05,5887.52490234375
GNT,2027-07-21,1.05,6060.525390625
GNT,2027-07-22,1.05,6087.59228515625
GNT,2027-07-23,1.05,6383.84521484375
GNT,2027-07-24,1.05,5864.7021484375
GNT,2027-07-25,1.05,5893.0009765625
GNT,2027-07-26,1.05,5871.52294921875
GNT,2027-07-27,1.05,6013.7373046875
GNT,2027-07-28,1.05,6037.46435546875
GNT,2027-07-29,1.05,5928.87841796875
GNT,2027-07-30,1.05,6350.564453125
GNT,2027-07-31,1.05,6087.73046875
GNT,2027-08-01,4.6,6759.27783203125
GNT,2027-08-02,4.6,6923.3076171875
GNT,2027-08-03,4.6,8145.20751953125
GNT,2027-08-04,4.6,9462.455078125
GNT,2027-08-05,4.6,9497.6982421875
GNT,2027-08-06,4.6,9332.314453125
GNT,2027-08-07,4.6,8842.6982421875
GNT,2027-08-08,4.6,8744.4345703125
GNT,2027-08-09,4.6,9188.294921875
GNT,2027-08-10,4.6,9178.7373046875
GNT,2027-08-11,4.6,9347.8037109375
GNT,2027-08-12,4.6,9520.84375
GNT,2027-08-13,4.6,9384.17578125
GNT,2027-08-14,4.6,9240.0673828125
GNT,2027-08-15,4.6,9361.111328125
GNT,2027-08-16,4.6,9188.7958984375
GNT,2027-08-17,4.6,9184.048828125
GNT,2027-08-18,4.6,9142.2841796875
GNT,2027-08-19,4.6,8838.580078125
GNT,2027-08-20,4.6,8324.4677734375
GNT,2027-08-21,4.6,8262.447265625
GNT,2027-08-22,4.6,8447.8837890625
GNT,2027-08-23,4.6,8602.8193359375
GNT,2027-08-24,4.6,8741.9169921875
GNT,2027-08-25,4.6,8966.2080078125
GNT,2027-08-26,4.6,9489.1201171875
GNT,2027-08-27,4.6,9511.130859375
GNT,2027-08-28,4.6,9549.0595703125
GNT,2027-08-29,4.6,9566.0888671875
GNT,2027-08-30,4.6,9980.275390625
GNT,2027-08-31,4.6,10100.5791015625
GNT,2027-09-01,8.0,9524.091796875
GNT,2027-09-02,8.0,8972.58203125
GNT,2027-09-03,8.0,9478.6884765625
GNT,2027-09-04,8.0,9332.1318359375
GNT,2027-09-05,8.0,9540.92578125
GNT,2027-09-06,8.0,9408.83984375
GNT,2027-09-07,8.0,9746.4912109375
GNT,2027-09-08,8.0,9900.4111328125
GNT,2027-09-09,8.0,9840.0087890625
GNT,2027-09-10,8.0,9875.955078125
GNT,2027-09-11,8.0,10147.98046875
GNT,2027-09-12,8.0,10854.6923828125
GNT,2027-09-13,8.0,11568.419921875
GNT,2027-09-14,8.0,11758.1484375
GNT,2027-09-15,8.0,11697.6279296875
GNT,2027-09-16,8.0,10806.8525390625
GNT,2027-09-17,8.0,9844.9658203125
GNT,2027-09-18,8.0,8909.2744140625
GNT,2027-09-19,8.0,8651.0498046875
GNT,2027-09-20,8.0,8781.673828125
HRN,2026-09-21,0.0,8407.8974609375
HRN,2026-09-22,0.0,8857.3291015625
HRN,2026-09-23,0.0,8575.2724609375
HRN,2026-09-24,0.0,10013.880859375
HRN,2026-09-25,0.0,9716.0849609375
HRN,2026-09-26,0.0,10708.4755859375
HRN,2026-09-27,0.0,6325.91357421875
HRN,2026-09-28,0.0,7094.10400390625
HRN,2026-09-29,0.0,8058.52294921875
HRN,2026-09-30,0.0,8640.697265625
HRN,2026-10-01,0.0,9921.3203125
HRN,2026-10-02,0.0,11102.076171875
HRN,2026-10-03,0.0,11096.6083984375
HRN,2026-10-04,0.0,7199.177734375
HRN,2026-10-05,0.0,5362.5078125
HRN,2026-10-06,0.0,10314.8740234375
HRN,2026-10-07,0.0,8839.697265625
HRN,2026-10-08,0.0,11551.587890625
HRN,2026-10-09,0.0,10042.994140625
HRN,2026-10-10,0.0,10101.2060546875
HRN,2026-10-11,0.0,7609.8896484375
HRN,2026-10-12,0.0,9424.8427734375
HRN,2026-10-13,0.0,9466.0478515625
HRN,2026-10-14,0.0,9813.4501953125
HRN,2026-10-15,0.0,11657.7021484375
HRN,2026-10-16,0.0,10780.9912109375
HRN,2026-10-17,0.0,8776.4541015625
HRN,2026-10-18,0.0,7839.90185546875
HRN,2026-10-19,0.0,6813.65771484375
HRN,2026-10-20,0.0,6975.70068359375
HRN,2026-10-21,0.0,5804.412109375
HRN,2026-10-22,0.0,6580.85498046875
HRN,2026-10-23,0.0,6519.88818359375
HRN,2026-10-24,0.0,7650.5361328125
HRN,2026-10-25,0.0,7832.28369140625
HRN,2026-10-26,0.0,8637.9228515625
HRN,2026-10-27,0.0,9866.669921875
HRN,2026-10-28,0.0,11375.98828125
HRN,2026-10-29,0.0,10336.765625
HRN,2026-10-30,0.0,8985.0205078125
HRN,2026-10-31,0.0,8035.85498046875
HRN,2026-11-01,0.0,8133.87060546875
HRN,2026-11-02,0.0,9356.4580078125
HRN,2026-11-03,0.0,10912.8427734375
HRN,2026-11-04,0.0,10824.51171875
HRN,2026-11-05,0.0,9132.6943359375
HRN,2026-11-06,0.0,8039.806640625
HRN,2026-11-07,0.0,7425.96044921875
HRN,2026-11-08,0.0,7764.24658203125
HRN,2026-11-09,0.0,8821.388671875
HRN,2026-11-10,0.0,10729.4609375
HRN,2026-11-11,0.0,10251.4443359375
HRN,2026-11-12,0.0,9271.27734375
HRN,2026-11-13,0.0,8773.7587890625
HRN,2026-11-14,0.0,7647.25146484375
HRN,2026-11-15,0.0,9172.6005859375
HRN,2026-11-16,0.0,9621.126953125
HRN,2026-11-17,0.0,9672.4345703125
HRN,2026-11-18,0.0,9962.513671875
HRN,2026-11-19,0.0,10946.2861328125
HRN,2026-11-20,0.0,10763.7666015625
HRN,2026-11-21,0.0,11178.38671875
HRN,2026-11-22,0.0,9905.58203125
HRN,2026-11-23,0.0,7527.208984375
HRN,2026-11-24,0.0,5400.1884765625
HRN,2026-11-25,0.0,5793.5498046875
HRN,2026-11-26,0.0,4926.01708984375
HRN,2026-11-27,0.0,4702.31005859375
HRN,2026-11-28,0.0,7220.947265625
HRN,2026-11-29,0.0,5762.2470703125
HRN,2026-11-30,0.0,5727.67626953125
HRN,2026-12-01,0.0,7872.875
HRN,2026-12-02,0.0,6664.48828125
HRN,2026-12-03,0.0,6586.107421875
HRN,2026-12-04,0.0,6630.474609375
HRN,2026-12-05,0.0,8178.080078125
HRN,2026-12-06,0.0,8986.9306640625
HRN,2026-12-07,0.0,9722.572265625
HRN,2026-12-08,0.0,7915.01904296875
HRN,2026-12-09,0.0,7527.56103515625
HRN,2026-12-10,0.0,7691.16748046875
HRN,2026-12-11,0.0,6936.87353515625
HRN,2026-12-12,0.0,9265.083984375
HRN,2026-12-13,0.0,8865.072265625
HRN,2026-12-14,0.0,9157.734375
HRN,2026-12-15,0.0,9024.2646484375
HRN,2026-12-16,0.0,8625.2890625
HRN,2026-12-17,0.0,8496.515625
HRN,2026-12-18,0.0,7885.5595703125
HRN,2026-12-19,0.0,9641.916015625
HRN,2026-12-20,0.0,9552.4853515625
HRN,2026-12-21,0.0,9616.080078125
HRN,2026-12-22,0.0,9597.1083984375
HRN,2026-12-23,0.0,10239.2763671875
HRN,2026-12-24,0.0,10628.7451171875
HRN,2026-12-25,0.0,9971.884765625
HRN,2026-12-26,0.0,10802.3505859375
HRN,2026-12-27,0.0,11016.3876953125
HRN,2026-12-28,0.0,10568.2001953125
HRN,2026-12-29,0.0,10528.025390625
HRN,2026-12-30,0.0,9689.1572265625
HRN,2026-12-31,0.0,8649.2353515625
HRN,2027-01-01,0.0,6676.51025390625
HRN,2027-01-02,0.0,7238.833984375
HRN,2027-01-03,0.0,6979.0732421875
HRN,2027-01-04,0.0,8334.181640625
HRN,2027-01-05,0.0,8926.6123046875
HRN,2027-01-06,0.0,10345.654296875
HRN,2027-01-07,0.0,10140.54296875
HRN,2027-01-08,0.0,9706.1533203125
HRN,2027-01-09,0.0,9341.6884765625
HRN,2027-01-10,0.0,9662.0634765625
HRN,2027-01-11,0.0,9099.1142578125
HRN,2027-01-12,0.0,7872.45751953125
HRN,2027-01-13,0.0,6763.8955078125
HRN,2027-01-14,0.0,6087.46630859375
HRN,2027-01-15,0.0,7357.95263671875
HRN,2027-01-16,0.0,7691.05419921875
HRN,2027-01-17,0.0,8138.947265625
HRN,2027-01-18,0.0,7187.02880859375
HRN,2027-01-19,0.0,8604.87109375
HRN,2027-01-20,0.0,7775.00439453125
HRN,2027-01-21,0.0,8131.7744140625
HRN,2027-01-22,0.0,7819.63037109375
HRN,2027-01-23,0.0,7809.1396484375
HRN,2027-01-24,0.0,8862.8125
HRN,2027-01-25,0.0,7122.6337890625
HRN,2027-01-26,0.0,9203.5576171875
HRN,2027-01-27,0.0,9087.8154296875
HRN,2027-01-28,0.0,9040.9990234375
HRN,2027-01-29,0.0,9974.9228515625
HRN,2027-01-30,0.0,10514.3046875
HRN,2027-01-31,0.0,10993.578125
HRN,2027-02-01,0.0,11318.0341796875
HRN,2027-02-02,0.0,11417.1171875
HRN,2027-02-03,0.0,10775.306640625
HRN,2027-02-04,0.0,10634.5400390625
HRN,2027-02-05,0.0,10867.8798828125
HRN,2027-02-06,0.0,11263.83984375
HRN,2027-02-07,0.0,11540.1396484375
HRN,2027-02-08,0.0,12012.0546875
HRN,2027-02-09,0.0,12582.49609375
HRN,2027-02-10,0.0,11015.0224609375
HRN,2027-02-11,0.0,12482.9921875
HRN,2027-02-12,0.0,10458.822265625
HRN,2027-02-13,0.0,10991.580078125
HRN,2027-02-14,0.0,12110.3349609375
HRN,2027-02-15,0.0,11565.876953125
HRN,2027-02-16,0.0,11489.208984375
HRN,2027-02-17,0.0,11302.3515625
HRN,2027-02-18,0.0,10352.529296875
HRN,2027-02-19,0.0,9957.625
HRN,2027-02-20,0.0,11300.017578125
HRN,2027-02-21,0.0,12136.56640625
HRN,2027-02-22,0.0,12519.1962890625
HRN,2027-02-23,0.0,10323.2724609375
HRN,2027-02-24,0.0,11935.751953125
HRN,2027-02-25,0.0,10562.3193359375
HRN,2027-02-26,0.0,10232.6123046875
HRN,2027-02-27,0.0,10700.6767578125
HRN,2027-02-28,0.0,11686.7060546875
HRN,2027-03-01,0.0,11039.7998046875
HRN,2027-03-02,0.0,8599.2236328125
HRN,2027-03-03,0.0,10923.7978515625
HRN,2027-03-04,0.0,12052.2578125
HRN,2027-03-05,0.0,10289.828125
HRN,2027-03-06,0.0,11390.8818359375
HRN,2027-03-07,0.0,13054.1103515625
HRN,2027-03-08,0.0,11641.6240234375
HRN,2027-03-09,0.0,10705.0791015625
HRN,2027-03-10,0.0,12215.830078125
HRN,2027-03-11,0.0,12829.984375
HRN,2027-03-12,0.0,12720.044921875
HRN,2027-03-13,0.0,12473.130859375
HRN,2027-03-14,0.0,11518.69140625
HRN,2027-03-15,0.0,12847.2978515625
HRN,2027-03-16,0.0,12532.44921875
HRN,2027-03-17,0.0,11868.82421875
HRN,2027-03-18,0.0,12815.5087890625
HRN,2027-03-19,0.0,11807.3154296875
HRN,2027-03-20,0.0,11427.2138671875
HRN,2027-03-21,0.0,10988.423828125
HRN,2027-03-22,0.0,10117.0029296875
HRN,2027-03-23,0.0,9578.810546875
HRN,2027-03-24,0.0,11590.794921875
HRN,2027-03-25,0.0,12124.0078125
HRN,2027-03-26,0.0,11982.240234375
HRN,2027-03-27,0.0,12209.5927734375
HRN,2027-03-28,0.0,11724.4384765625
HRN,2027-03-29,0.0,11228.787109375
HRN,2027-03-30,0.0,10681.509765625
HRN,2027-03-31,0.0,11465.51171875
HRN,2027-04-01,0.0,11023.392578125
HRN,2027-04-02,0.0,10741.5146484375
HRN,2027-04-03,0.0,10764.041015625
HRN,2027-04-04,0.0,10772.9873046875
HRN,2027-04-05,0.0,11190.9716796875
HRN,2027-04-06,0.0,11097.361328125
HRN,2027-04-07,0.0,10434.9814453125
HRN,2027-04-08,0.0,10037.2060546875
HRN,2027-04-09,0.0,9754.474609375
HRN,2027-04-10,0.0,10729.771484375
HRN,2027-04-11,0.0,11690.220703125
HRN,2027-04-12,0.0,11115.96875
HRN,2027-04-13,0.0,10830.1435546875
HRN,2027-04-14,0.0,10368.68359375
HRN,2027-04-15,0.0,10736.4248046875
HRN,2027-04-16,0.0,10631.65625
HRN,2027-04-17,0.0,11627.115234375
HRN,2027-04-18,0.0,12143.046875
HRN,2027-04-19,0.0,12800.46875
HRN,2027-04-20,0.0,13195.595703125
HRN,2027-04-21,0.0,12391.4794921875
HRN,2027-04-22,0.0,12506.2841796875
HRN,2027-04-23,0.0,11654.4853515625
HRN,2027-04-24,0.0,10943.646484375
HRN,2027-04-25,0.0,11288.904296875
HRN,2027-04-26,0.0,10586.501953125
HRN,2027-04-27,0.0,10595.4931640625
HRN,2027-04-28,0.0,11093.34375
HRN,2027-04-29,0.0,11746.25390625
HRN,2027-04-30,0.0,11031.619140625
HRN,2027-05-01,0.0,9629.8603515625
HRN,2027-05-02,0.0,10061.9755859375
HRN,2027-05-03,0.0,10175.0810546875
HRN,2027-05-04,0.0,10537.44140625
HRN,2027-05-05,0.0,11348.5791015625
HRN,2027-05-06,0.0,12003.490234375
HRN,2027-05-07,0.0,11392.3759765625
HRN,2027-05-08,0.0,8604.8759765625
HRN,2027-05-09,0.0,7117.41259765625
HRN,2027-05-10,0.0,6010.50390625
HRN,2027-05-11,0.0,7234.97314453125
HRN,2027-05-12,0.0,7107.18798828125
HRN,2027-05-13,0.0,7662.84375
HRN,2027-05-14,0.0,6740.02880859375
HRN,2027-05-15,0.0,8071.97021484375
HRN,2027-05-16,0.0,7051.0380859375
HRN,2027-05-17,0.0,7089.0478515625
HRN,2027-05-18,0.0,6925.966796875
HRN,2027-05-19,0.0,7237.2802734375
HRN,2027-05-20,0.0,9193.0361328125
HRN,2027-05-21,0.0,7349.66455078125
HRN,2027-05-22,0.0,7993.33544921875
HRN,2027-05-23,0.0,8658.6298828125
HRN,2027-05-24,0.0,7289.3876953125
HRN,2027-05-25,0.0,7959.119140625
HRN,2027-05-26,0.0,6566.93701171875
HRN,2027-05-27,0.0,7477.892578125
HRN,2027-05-28,0.0,8909.419921875
HRN,2027-05-29,0.0,8827.740234375
HRN,2027-05-30,0.0,8998.96484375
HRN,2027-05-31,0.0,8643.958984375
HRN,2027-06-01,0.0,9055.9462890625
HRN,2027-06-02,0.0,8780.947265625
HRN,2027-06-03,0.0,8940.166015625
HRN,2027-06-04,0.0,9709.5234375
HRN,2027-06-05,0.0,9641.990234375
HRN,2027-06-06,0.0,9676.591796875
HRN,2027-06-07,0.0,9813.2978515625
HRN,2027-06-08,0.0,10179.7998046875
HRN,2027-06-09,0.0,9351.09765625
HRN,2027-06-10,0.0,8568.6875
HRN,2027-06-11,0.0,9385.7705078125
HRN,2027-06-12,0.0,8952.7265625
HRN,2027-06-13,0.0,9391.24609375
HRN,2027-06-14,0.0,8397.9775390625
HRN,2027-06-15,0.0,8550.84765625
HRN,2027-06-16,0.0,8841.2880859375
HRN,2027-06-17,0.0,10372.7783203125
HRN,2027-06-18,0.0,10686.16015625
HRN,2027-06-19,0.0,9456.666015625
HRN,2027-06-20,0.0,9868.658203125
HRN,2027-06-21,0.0,10670.1806640625
HRN,2027-06-22,0.0,9503.138671875
HRN,2027-06-23,0.0,9655.1494140625
HRN,2027-06-24,0.0,7784.31689453125
HRN,2027-06-25,0.0,8977.44140625
HRN,2027-06-26,0.0,10158.8759765625
HRN,2027-06-27,0.0,10325.833984375
HRN,2027-06-28,0.0,10055.5146484375
HRN,2027-06-29,0.0,10086.8154296875
HRN,2027-06-30,0.0,11283.2041015625
HRN,2027-07-01,0.0,10384.3896484375
HRN,2027-07-02,0.0,10272.6396484375
HRN,2027-07-03,0.0,10373.6552734375
HRN,2027-07-04,0.0,10722.826171875
HRN,2027-07-05,0.0,9193.4951171875
HRN,2027-07-06,0.0,8888.5859375
HRN,2027-07-07,0.0,10143.4921875
HRN,2027-07-08,0.0,8386.4482421875
HRN,2027-07-09,0.0,7582.5595703125
HRN,2027-07-10,0.0,6758.8828125
HRN,2027-07-11,0.0,8042.2646484375
HRN,2027-07-12,0.0,7657.26611328125
HRN,2027-07-13,0.0,8081.833984375
HRN,2027-07-14,0.0,7464.1689453125
HRN,2027-07-15,0.0,9046.3310546875
HRN,2027-07-16,0.0,9434.1162109375
HRN,2027-07-17,0.0,8255.37109375
HRN,2027-07-18,0.0,8408.712890625
HRN,2027-07-19,0.0,9313.6142578125
HRN,2027-07-20,0.0,10217.9287109375
HRN,2027-07-21,0.0,8349.80078125
HRN,2027-07-22,0.0,7643.97802734375
HRN,2027-07-23,0.0,8270.5068359375
HRN,2027-07-24,0.0,9935.7734375
HRN,2027-07-25,0.0,9746.98046875
HRN,2027-07-26,0.0,9268.439453125
HRN,2027-07-27,0.0,7938.4892578125
HRN,2027-07-28,0.0,9342.732421875
HRN,2027-07-29,0.0,9850.5166015625
HRN,2027-07-30,0.0,10295.181640625
HRN,2027-07-31,0.0,7210.2177734375
HRN,2027-08-01,0.0,6468.34375
HRN,2027-08-02,0.0,7790.31982421875
HRN,2027-08-03,0.0,8498.638671875
HRN,2027-08-04,0.0,8912.0185546875
HRN,2027-08-05,0.0,9371.181640625
HRN,2027-08-06,0.0,7766.20947265625
HRN,2027-08-07,0.0,8992.0244140625
HRN,2027-08-08,0.0,10228.80859375
HRN,2027-08-09,0.0,10801.0361328125
HRN,2027-08-10,0.0,10077.2734375
HRN,2027-08-11,0.0,9588.9853515625
HRN,2027-08-12,0.0,9423.6005859375
HRN,2027-08-13,0.0,9862.0654296875
HRN,2027-08-14,0.0,8583.8095703125
HRN,2027-08-15,0.0,7247.0888671875
HRN,2027-08-16,0.0,8770.7841796875
HRN,2027-08-17,0.0,8390.818359375
HRN,2027-08-18,0.0,9524.2060546875
HRN,2027-08-19,0.0,9780.7490234375
HRN,2027-08-20,0.0,10221.666015625
HRN,2027-08-21,0.0,11846.2158203125
HRN,2027-08-22,0.0,11271.109375
HRN,2027-08-23,0.0,10444.1767578125
HRN,2027-08-24,0.0,10626.7412109375
HRN,2027-08-25,0.0,11395.0126953125
HRN,2027-08-26,0.0,10617.7509765625
HRN,2027-08-27,0.0,9925.064453125
HRN,2027-08-28,0.0,10428.810546875
HRN,2027-08-29,0.0,9904.0888671875
HRN,2027-08-30,0.0,9518.998046875
HRN,2027-08-31,0.0,10621.4296875
HRN,2027-09-01,0.0,12628.341796875
HRN,2027-09-02,0.0,10323.2744140625
HRN,2027-09-03,0.0,10004.8466796875
HRN,2027-09-04,0.0,8778.869140625
HRN,2027-09-05,0.0,9270.0361328125
HRN,2027-09-06,0.0,9376.8125
HRN,2027-09-07,0.0,8279.6943359375
HRN,2027-09-08,0.0,7504.93212890625
HRN,2027-09-09,0.0,7057.61328125
HRN,2027-09-10,0.0,9184.310546875
HRN,2027-09-11,0.0,10345.9091796875
HRN,2027-09-12,0.0,10530.033203125
HRN,2027-09-13,0.0,10071.96484375
HRN,2027-09-14,0.0,10388.501953125
HRN,2027-09-15,0.0,9234.365234375
HRN,2027-09-16,0.0,8075.00927734375
HRN,2027-09-17,0.0,7835.1611328125
HRN,2027-09-18,0.0,6353.34423828125
HRN,2027-09-19,0.0,7817.5234375
HRN,2027-09-20,0.0,7455.1220703125
LKM,2026-09-21,4.0,45159.44140625
LKM,2026-09-22,4.0,47381.26171875
LKM,2026-09-23,4.0,46608.8828125
LKM,2026-09-24,4.0,43930.8203125
LKM,2026-09-25,4.0,46900.125
LKM,2026-09-26,4.0,45121.828125
LKM,2026-09-27,4.0,45202.93359375
LKM,2026-09-28,4.0,45876.0859375
LKM,2026-09-29,4.0,48222.15234375
LKM,2026-09-30,4.0,45570.703125
LKM,2026-10-01,7.81,60077.75
LKM,2026-10-02,7.81,61136.0078125
LKM,2026-10-03,7.81,64436.03515625
LKM,2026-10-04,7.81,62970.265625
LKM,2026-10-05,7.81,64599.64453125
LKM,2026-10-06,7.81,65857.7109375
LKM,2026-10-07,7.81,66103.6171875
LKM,2026-10-08,7.81,70124.6484375
LKM,2026-10-09,7.81,67898.3359375
LKM,2026-10-10,7.81,70253.1875
LKM,2026-10-11,7.81,69989.1796875
LKM,2026-10-12,7.81,70323.5078125
LKM,2026-10-13,7.81,71811.0859375
LKM,2026-10-14,7.81,72609.25
LKM,2026-10-15,7.81,72575.4609375
LKM,2026-10-16,7.81,72965.375
LKM,2026-10-17,7.81,72201.21875
LKM,2026-10-18,7.81,70662.9140625
LKM,2026-10-19,7.81,69529.875
LKM,2026-10-20,7.81,62108.12890625
LKM,2026-10-21,7.81,66167.078125
LKM,2026-10-22,7.81,70512.5625
LKM,2026-10-23,7.81,70808.328125
LKM,2026-10-24,7.81,70949.265625
LKM,2026-10-25,7.81,71291.3828125
LKM,2026-10-26,7.81,71020.7265625
LKM,2026-10-27,7.81,70097.3828125
LKM,2026-10-28,7.81,70910.90625
LKM,2026-10-29,7.81,70241.3046875
LKM,2026-10-30,7.81,70824.2109375
LKM,2026-10-31,7.81,71101.03125
LKM,2026-11-01,5.4,69474.0234375
LKM,2026-11-02,5.4,69583.59375
LKM,2026-11-03,5.4,69704.2890625
LKM,2026-11-04,5.4,68561.7421875
LKM,2026-11-05,5.4,69584.9765625
LKM,2026-11-06,5.4,69091.4296875
LKM,2026-11-07,5.4,68390.0546875
LKM,2026-11-08,5.4,66986.234375
LKM,2026-11-09,5.4,66733.5859375
LKM,2026-11-10,5.4,66941.359375
LKM,2026-11-11,5.4,66785.4921875
LKM,2026-11-12,5.4,66731.8515625
LKM,2026-11-13,5.4,67185.6484375
LKM,2026-11-14,5.4,67049.109375
LKM,2026-11-15,5.4,67237.8828125
LKM,2026-11-16,5.4,67263.7265625
LKM,2026-11-17,5.4,67075.6328125
LKM,2026-11-18,5.4,66977.3359375
LKM,2026-11-19,5.4,67482.875
LKM,2026-11-20,5.4,67898.34375
LKM,2026-11-21,5.4,67623.2109375
LKM,2026-11-22,5.4,67013.5078125
LKM,2026-11-23,5.4,67025.2734375
LKM,2026-11-24,5.4,67137.2109375
LKM,2026-11-25,5.4,67383.6875
LKM,2026-11-26,5.4,66941.6875
LKM,2026-11-27,5.4,66802.609375
LKM,2026-11-28,5.4,67295.515625
LKM,2026-11-29,5.4,67831.0625
LKM,2026-11-30,5.4,68193.9609375
LKM,2026-12-01,2.0,66397.75
LKM,2026-12-02,2.0,63913.5625
LKM,2026-12-03,2.0,59342.703125
LKM,2026-12-04,2.0,58658.609375
LKM,2026-12-05,2.0,58455.64453125
LKM,2026-12-06,2.0,56808.8203125
LKM,2026-12-07,2.0,56174.08203125
LKM,2026-12-08,2.0,56084.359375
LKM,2026-12-09,2.0,55991.8984375
LKM,2026-12-10,2.0,55337.1015625
LKM,2026-12-11,2.0,54668.01171875
LKM,2026-12-12,2.0,52942.94921875
LKM,2026-12-13,2.0,50097.1953125
LKM,2026-12-14,2.0,50755.4765625
LKM,2026-12-15,2.0,50327.51953125
LKM,2026-12-16,2.0,50016.32421875
LKM,2026-12-17,2.0,51222.48828125
LKM,2026-12-18,2.0,51117.3359375
LKM,2026-12-19,2.0,51243.50390625
LKM,2026-12-20,2.0,50717.625
LKM,2026-12-21,2.0,51207.60546875
LKM,2026-12-22,2.0,49959.7578125
LKM,2026-12-23,2.0,50661.07421875
LKM,2026-12-24,2.0,50762.359375
LKM,2026-12-25,2.0,50614.84375
LKM,2026-12-26,2.0,50068.37109375
LKM,2026-12-27,2.0,49256.828125
LKM,2026-12-28,2.0,45633.56640625
LKM,2026-12-29,2.0,43717.50390625
LKM,2026-12-30,2.0,41641.93359375
LKM,2026-12-31,2.0,40674.53125
LKM,2027-01-01,0.0,37224.5390625
LKM,2027-01-02,0.0,34403.21875
LKM,2027-01-03,0.0,30427.42578125
LKM,2027-01-04,0.0,29070.966796875
LKM,2027-01-05,0.0,29391.171875
LKM,2027-01-06,0.0,29026.294921875
LKM,2027-01-07,0.0,28603.32421875
LKM,2027-01-08,0.0,28623.849609375
LKM,2027-01-09,0.0,27797.0390625
LKM,2027-01-10,0.0,26933.15234375
LKM,2027-01-11,0.0,26224.81640625
LKM,2027-01-12,0.0,25626.8671875
LKM,2027-01-13,0.0,24110.453125
LKM,2027-01-14,0.0,23293.365234375
LKM,2027-01-15,0.0,21720.873046875
LKM,2027-01-16,0.0,21043.845703125
LKM,2027-01-17,0.0,20311.158203125
LKM,2027-01-18,0.0,19544.044921875
LKM,2027-01-19,0.0,19356.134765625
LKM,2027-01-20,0.0,18918.884765625
LKM,2027-01-21,0.0,18879.591796875
LKM,2027-01-22,0.0,18824.5703125
LKM,2027-01-23,0.0,17905.248046875
LKM,2027-01-24,0.0,16493.109375
LKM,2027-01-25,0.0,15235.6376953125
LKM,2027-01-26,0.0,15037.5458984375
LKM,2027-01-27,0.0,14635.8701171875
LKM,2027-01-28,0.0,14432.669921875
LKM,2027-01-29,0.0,14760.9130859375
LKM,2027-01-30,0.0,14273.681640625
LKM,2027-01-31,0.0,14392.6748046875
LKM,2027-02-01,0.0,14339.3046875
LKM,2027-02-02,0.0,14290.4755859375
LKM,2027-02-03,0.0,14438.28515625
LKM,2027-02-04,0.0,14229.3212890625
LKM,2027-02-05,0.0,14432.59375
LKM,2027-02-06,0.0,14169.265625
LKM,2027-02-07,0.0,14107.3486328125
LKM,2027-02-08,0.0,13604.05859375
LKM,2027-02-09,0.0,13421.439453125
LKM,2027-02-10,0.0,12889.1318359375
LKM,2027-02-11,0.0,12731.6572265625
LKM,2027-02-12,0.0,11778.5283203125
LKM,2027-02-13,0.0,11778.3818359375
LKM,2027-02-14,0.0,11832.2265625
LKM,2027-02-15,0.0,11672.5712890625
LKM,2027-02-16,0.0,11586.3681640625
LKM,2027-02-17,0.0,11511.2216796875
LKM,2027-02-18,0.0,10814.7314453125
LKM,2027-02-19,0.0,10810.123046875
LKM,2027-02-20,0.0,10747.5546875
LKM,2027-02-21,0.0,10789.0048828125
LKM,2027-02-22,0.0,10625.8623046875
LKM,2027-02-23,0.0,10365.302734375
LKM,2027-02-24,0.0,9866.1376953125
LKM,2027-02-25,0.0,9580.8056640625
LKM,2027-02-26,0.0,9327.7158203125
LKM,2027-02-27,0.0,9314.234375
LKM,2027-02-28,0.0,8878.728515625
LKM,2027-03-01,0.0,8489.6552734375
LKM,2027-03-02,0.0,8519.580078125
LKM,2027-03-03,0.0,8382.052734375
LKM,2027-03-04,0.0,8233.7001953125
LKM,2027-03-05,0.0,8026.6181640625
LKM,2027-03-06,0.0,8014.58837890625
LKM,2027-03-07,0.0,7965.611328125
LKM,2027-03-08,0.0,7882.9443359375
LKM,2027-03-09,0.0,8199.8232421875
LKM,2027-03-10,0.0,8100.2080078125
LKM,2027-03-11,0.0,7980.6435546875
LKM,2027-03-12,0.0,7877.5810546875
LKM,2027-03-13,0.0,7634.5478515625
LKM,2027-03-14,0.0,7427.373046875
LKM,2027-03-15,0.0,7309.6787109375
LKM,2027-03-16,0.0,6912.2998046875
LKM,2027-03-17,0.0,6871.6376953125
LKM,2027-03-18,0.0,6837.3896484375
LKM,2027-03-19,0.0,7379.39990234375
LKM,2027-03-20,0.0,7332.20654296875
LKM,2027-03-21,0.0,7378.4638671875
LKM,2027-03-22,0.0,7351.0947265625
LKM,2027-03-23,0.0,7351.0947265625
LKM,2027-03-24,0.0,7085.44482421875
LKM,2027-03-25,0.0,7139.9541015625
LKM,2027-03-26,0.0,7185.14599609375
LKM,2027-03-27,0.0,7210.22705078125
LKM,2027-03-28,0.0,7198.84765625
LKM,2027-03-29,0.0,7246.005859375
LKM,2027-03-30,0.0,7241.58740234375
LKM,2027-03-31,0.0,7323.03076171875
LKM,2027-04-01,1.0,7798.1904296875
LKM,2027-04-02,1.0,9391.3564453125
LKM,2027-04-03,1.0,9985.205078125
LKM,2027-04-04,1.0,9876.3095703125
LKM,2027-04-05,1.0,9654.3955078125
LKM,2027-04-06,1.0,9755.6865234375
LKM,2027-04-07,1.0,10176.12890625
LKM,2027-04-08,1.0,9261.8330078125
LKM,2027-04-09,1.0,8874.080078125
LKM,2027-04-10,1.0,8584.2724609375
LKM,2027-04-11,1.0,8574.8515625
LKM,2027-04-12,1.0,8680.810546875
LKM,2027-04-13,1.0,8918.4541015625
LKM,2027-04-14,1.0,8815.267578125
LKM,2027-04-15,1.0,8999.5927734375
LKM,2027-04-16,1.0,9522.177734375
LKM,2027-04-17,1.0,9535.572265625
LKM,2027-04-18,1.0,9360.044921875
LKM,2027-04-19,1.0,9344.7666015625
LKM,2027-04-20,1.0,9400.654296875
LKM,2027-04-21,1.0,9438.1826171875
LKM,2027-04-22,1.0,9434.4423828125
LKM,2027-04-23,1.0,9407.2763671875
LKM,2027-04-24,1.0,9501.5478515625
LKM,2027-04-25,1.0,10033.642578125
LKM,2027-04-26,1.0,10099.12109375
LKM,2027-04-27,1.0,10305.6494140625
LKM,2027-04-28,1.0,10195.349609375
LKM,2027-04-29,1.0,10421.2255859375
LKM,2027-04-30,1.0,10534.607421875
LKM,2027-05-01,6.0,13336.59375
LKM,2027-05-02,6.0,12849.2509765625
LKM,2027-05-03,6.0,12886.3173828125
LKM,2027-05-04,6.0,13212.53125
LKM,2027-05-05,6.0,14663.6357421875
LKM,2027-05-06,6.0,16450.478515625
LKM,2027-05-07,6.0,15500.7197265625
LKM,2027-05-08,6.0,15381.826171875
LKM,2027-05-09,6.0,14712.6103515625
LKM,2027-05-10,6.0,14051.578125
LKM,2027-05-11,6.0,12640.556640625
LKM,2027-05-12,6.0,11636.509765625
LKM,2027-05-13,6.0,12257.1328125
LKM,2027-05-14,6.0,11566.7880859375
LKM,2027-05-15,6.0,11748.845703125
LKM,2027-05-16,6.0,11619.349609375
LKM,2027-05-17,6.0,11672.1689453125
LKM,2027-05-18,6.0,11361.8876953125
LKM,2027-05-19,6.0,10574.3232421875
LKM,2027-05-20,6.0,10743.9296875
LKM,2027-05-21,6.0,10507.1728515625
LKM,2027-05-22,6.0,10029.2890625
LKM,2027-05-23,6.0,9637.283203125
LKM,2027-05-24,6.0,9576.921875
LKM,2027-05-25,6.0,8673.52734375
LKM,2027-05-26,6.0,9174.7587890625
LKM,2027-05-27,6.0,11058.9072265625
LKM,2027-05-28,6.0,12110.259765625
LKM,2027-05-29,6.0,11834.671875
LKM,2027-05-30,6.0,11700.775390625
LKM,2027-05-31,6.0,11211.552734375
LKM,2027-06-01,5.0,11693.0732421875
LKM,2027-06-02,5.0,11548.5791015625
LKM,2027-06-03,5.0,11687.0966796875
LKM,2027-06-04,5.0,13519.5205078125
LKM,2027-06-05,5.0,14164.7080078125
LKM,2027-06-06,5.0,13954.888671875
LKM,2027-06-07,5.0,14462.5322265625
LKM,2027-06-08,5.0,15872.986328125
LKM,2027-06-09,5.0,13905.5927734375
LKM,2027-06-10,5.0,14446.416015625
LKM,2027-06-11,5.0,13701.6904296875
LKM,2027-06-12,5.0,13404.685546875
LKM,2027-06-13,5.0,14838.0244140625
LKM,2027-06-14,5.0,13680.8818359375
LKM,2027-06-15,5.0,15755.8798828125
LKM,2027-06-16,5.0,15476.3994140625
LKM,2027-06-17,5.0,16962.4375
LKM,2027-06-18,5.0,16760.59375
LKM,2027-06-19,5.0,17879.125
LKM,2027-06-20,5.0,15761.8681640625
LKM,2027-06-21,5.0,15210.9111328125
LKM,2027-06-22,5.0,13462.9873046875
LKM,2027-06-23,5.0,13801.771484375
LKM,2027-06-24,5.0,14633.916015625
LKM,2027-06-25,5.0,14023.7744140625
LKM,2027-06-26,5.0,14418.822265625
LKM,2027-06-27,5.0,14671.9296875
LKM,2027-06-28,5.0,17563.435546875
LKM,2027-06-29,5.0,19011.638671875
LKM,2027-06-30,5.0,20556.654296875
LKM,2027-07-01,2.8,21134.59375
LKM,2027-07-02,2.8,20438.97265625
LKM,2027-07-03,2.8,19807.322265625
LKM,2027-07-04,2.8,18339.078125
LKM,2027-07-05,2.8,18111.5078125
LKM,2027-07-06,2.8,16220.1865234375
LKM,2027-07-07,2.8,13541.7421875
LKM,2027-07-08,2.8,13646.802734375
LKM,2027-07-09,2.8,11977.064453125
LKM,2027-07-10,2.8,12838.1376953125
LKM,2027-07-11,2.8,14062.0986328125
LKM,2027-07-12,2.8,15337.158203125
LKM,2027-07-13,2.8,17858.1796875
LKM,2027-07-14,2.8,22140.427734375
LKM,2027-07-15,2.8,23969.0546875
LKM,2027-07-16,2.8,21789.435546875
LKM,2027-07-17,2.8,20870.76171875
LKM,2027-07-18,2.8,20719.064453125
LKM,2027-07-19,2.8,20109.357421875
LKM,2027-07-20,2.8,19218.978515625
LKM,2027-07-21,2.8,18255.99609375
LKM,2027-07-22,2.8,17392.611328125
LKM,2027-07-23,2.8,17050.01171875
LKM,2027-07-24,2.8,16093.5634765625
LKM,2027-07-25,2.8,16746.533203125
LKM,2027-07-26,2.8,16367.09375
LKM,2027-07-27,2.8,16020.7724609375
LKM,2027-07-28,2.8,15762.34375
LKM,2027-07-29,2.8,16045.060546875
LKM,2027-07-30,2.8,16046.9208984375
LKM,2027-07-31,2.8,16063.6552734375
LKM,2027-08-01,2.0,15219.0322265625
LKM,2027-08-02,2.0,14744.501953125
LKM,2027-08-03,2.0,16387.8828125
LKM,2027-08-04,2.0,15667.2294921875
LKM,2027-08-05,2.0,15820.2578125
LKM,2027-08-06,2.0,16053.8115234375
LKM,2027-08-07,2.0,15596.9970703125
LKM,2027-08-08,2.0,16728.99609375
LKM,2027-08-09,2.0,14640.7431640625
LKM,2027-08-10,2.0,15183.9169921875
LKM,2027-08-11,2.0,15696.6279296875
LKM,2027-08-12,2.0,15405.4140625
LKM,2027-08-13,2.0,15315.498046875
LKM,2027-08-14,2.0,15486.1962890625
LKM,2027-08-15,2.0,14804.7744140625
LKM,2027-08-16,2.0,15379.369140625
LKM,2027-08-17,2.0,15273.140625
LKM,2027-08-18,2.0,15209.544921875
LKM,2027-08-19,2.0,15012.6376953125
LKM,2027-08-20,2.0,15124.7919921875
LKM,2027-08-21,2.0,14902.4013671875
LKM,2027-08-22,2.0,15176.0576171875
LKM,2027-08-23,2.0,14851.7978515625
LKM,2027-08-24,2.0,14962.1533203125
LKM,2027-08-25,2.0,15016.2451171875
LKM,2027-08-26,2.0,15441.2431640625
LKM,2027-08-27,2.0,15251.4619140625
LKM,2027-08-28,2.0,15775.3408203125
LKM,2027-08-29,2.0,17119.869140625
LKM,2027-08-30,2.0,17797.2734375
LKM,2027-08-31,2.0,16740.056640625
LKM,2027-09-01,4.0,15353.140625
LKM,2027-09-02,4.0,16446.275390625
LKM,2027-09-03,4.0,16236.06640625
LKM,2027-09-04,4.0,15461.2578125
LKM,2027-09-05,4.0,15414.7314453125
LKM,2027-09-06,4.0,16063.298828125
LKM,2027-09-07,4.0,14468.8291015625
LKM,2027-09-08,4.0,15383.7958984375
LKM,2027-09-09,4.0,14180.2265625
LKM,2027-09-10,4.0,13957.35546875
LKM,2027-09-11,4.0,15940.763671875
LKM,2027-09-12,4.0,14014.076171875
LKM,2027-09-13,4.0,15007.91796875
LKM,2027-09-14,4.0,15715.4599609375
LKM,2027-09-15,4.0,15489.203125
LKM,2027-09-16,4.0,16696.751953125
LKM,2027-09-17,4.0,15751.58984375
LKM,2027-09-18,4.0,15151.3671875
LKM,2027-09-19,4.0,15279.1171875
LKM,2027-09-20,4.0,14879.7666015625
MGT,2026-09-21,8.0,33370.01953125
MGT,2026-09-22,8.0,30287.91796875
MGT,2026-09-23,8.0,26305.38671875
MGT,2026-09-24,8.0,28405.623046875
MGT,2026-09-25,8.0,28598.515625
MGT,2026-09-26,8.0,28975.580078125
MGT,2026-09-27,8.0,32232.779296875
MGT,2026-09-28,8.0,33464.4140625
MGT,2026-09-29,8.0,31364.931640625
MGT,2026-09-30,8.0,32688.9375
MGT,2026-10-01,10.0,37931.72265625
MGT,2026-10-02,10.0,39919.5078125
MGT,2026-10-03,10.0,38900.2421875
MGT,2026-10-04,10.0,36017.36328125
MGT,2026-10-05,10.0,33658.9609375
MGT,2026-10-06,10.0,32939.0703125
MGT,2026-10-07,10.0,32929.60546875
MGT,2026-10-08,10.0,31678.4140625
MGT,2026-10-09,10.0,31693.6640625
MGT,2026-10-10,10.0,32092.28515625
MGT,2026-10-11,10.0,33151.875
MGT,2026-10-12,10.0,34780.8125
MGT,2026-10-13,10.0,35858.56640625
MGT,2026-10-14,10.0,33928.97265625
MGT,2026-10-15,10.0,32979.27734375
MGT,2026-10-16,10.0,33586.953125
MGT,2026-10-17,10.0,32944.22265625
MGT,2026-10-18,10.0,32113.70703125
MGT,2026-10-19,10.0,30915.146484375
MGT,2026-10-20,10.0,31949.7734375
MGT,2026-10-21,10.0,32244.47265625
MGT,2026-10-22,10.0,32123.2109375
MGT,2026-10-23,10.0,30715.724609375
MGT,2026-10-24,10.0,31674.68359375
MGT,2026-10-25,10.0,31721.986328125
MGT,2026-10-26,10.0,31594.333984375
MGT,2026-10-27,10.0,31893.75
MGT,2026-10-28,10.0,31947.2890625
MGT,2026-10-29,10.0,32698.294921875
MGT,2026-10-30,10.0,33140.91796875
MGT,2026-10-31,10.0,33204.94140625
MGT,2026-11-01,10.0,34063.02734375
MGT,2026-11-02,10.0,33892.25
MGT,2026-11-03,10.0,34012.39453125
MGT,2026-11-04,10.0,33865.81640625
MGT,2026-11-05,10.0,33821.11328125
MGT,2026-11-06,10.0,33854.13671875
MGT,2026-11-07,10.0,33556.69140625
MGT,2026-11-08,10.0,33245.21484375
MGT,2026-11-09,10.0,33441.125
MGT,2026-11-10,10.0,33283.00390625
MGT,2026-11-11,10.0,32792.05078125
MGT,2026-11-12,10.0,33688.4921875
MGT,2026-11-13,10.0,33760.359375
MGT,2026-11-14,10.0,32520.35546875
MGT,2026-11-15,10.0,31386.6171875
MGT,2026-11-16,10.0,31761.28125
MGT,2026-11-17,10.0,32793.06640625
MGT,2026-11-18,10.0,32635.4609375
MGT,2026-11-19,10.0,32426.70703125
MGT,2026-11-20,10.0,32247.548828125
MGT,2026-11-21,10.0,31427.05859375
MGT,2026-11-22,10.0,31601.443359375
MGT,2026-11-23,10.0,31355.712890625
MGT,2026-11-24,10.0,30506.787109375
MGT,2026-11-25,10.0,29116.271484375
MGT,2026-11-26,10.0,26839.53125
MGT,2026-11-27,10.0,26770.9140625
MGT,2026-11-28,10.0,27971.099609375
MGT,2026-11-29,10.0,27419.58203125
MGT,2026-11-30,10.0,27597.341796875
MGT,2026-12-01,1.0,27167.046875
MGT,2026-12-02,1.0,24737.79296875
MGT,2026-12-03,1.0,22645.22265625
MGT,2026-12-04,1.0,23205.80078125
MGT,2026-12-05,1.0,23347.41796875
MGT,2026-12-06,1.0,23428.490234375
MGT,2026-12-07,1.0,23283.49609375
MGT,2026-12-08,1.0,22652.49609375
MGT,2026-12-09,1.0,22080.666015625
MGT,2026-12-10,1.0,19488.447265625
MGT,2026-12-11,1.0,17457.1796875
MGT,2026-12-12,1.0,16123.5693359375
MGT,2026-12-13,1.0,13848.1630859375
MGT,2026-12-14,1.0,13258.5263671875
MGT,2026-12-15,1.0,12885.6689453125
MGT,2026-12-16,1.0,13132.388671875
MGT,2026-12-17,1.0,13746.4365234375
MGT,2026-12-18,1.0,15849.275390625
MGT,2026-12-19,1.0,17706.521484375
MGT,2026-12-20,1.0,17019.28515625
MGT,2026-12-21,1.0,17215.765625
MGT,2026-12-22,1.0,17183.033203125
MGT,2026-12-23,1.0,16928.572265625
MGT,2026-12-24,1.0,15631.9892578125
MGT,2026-12-25,1.0,14772.8388671875
MGT,2026-12-26,1.0,12816.521484375
MGT,2026-12-27,1.0,11172.34765625
MGT,2026-12-28,1.0,10311.0537109375
MGT,2026-12-29,1.0,9755.9892578125
MGT,2026-12-30,1.0,8960.09375
MGT,2026-12-31,1.0,8534.529296875
MGT,2027-01-01,0.0,7176.30908203125
MGT,2027-01-02,0.0,7215.1513671875
MGT,2027-01-03,0.0,6399.22802734375
MGT,2027-01-04,0.0,5067.896484375
MGT,2027-01-05,0.0,4776.32421875
MGT,2027-01-06,0.0,4230.17919921875
MGT,2027-01-07,0.0,3502.77197265625
MGT,2027-01-08,0.0,3140.23095703125
MGT,2027-01-09,0.0,3464.182861328125
MGT,2027-01-10,0.0,3294.456298828125
MGT,2027-01-11,0.0,3291.12255859375
MGT,2027-01-12,0.0,3313.35888671875
MGT,2027-01-13,0.0,3323.882080078125
MGT,2027-01-14,0.0,3531.547607421875
MGT,2027-01-15,0.0,4271.25634765625
MGT,2027-01-16,0.0,4621.71484375
MGT,2027-01-17,0.0,4198.009765625
MGT,2027-01-18,0.0,3588.418212890625
MGT,2027-01-19,0.0,3396.51171875
MGT,2027-01-20,0.0,3332.561767578125
MGT,2027-01-21,0.0,3570.160400390625
MGT,2027-01-22,0.0,3511.980712890625
MGT,2027-01-23,0.0,3566.472900390625
MGT,2027-01-24,0.0,3485.215087890625
MGT,2027-01-25,0.0,3586.287841796875
MGT,2027-01-26,0.0,3526.655517578125
MGT,2027-01-27,0.0,3439.56884765625
MGT,2027-01-28,0.0,3502.57080078125
MGT,2027-01-29,0.0,3593.052734375
MGT,2027-01-30,0.0,3522.420166015625
MGT,2027-01-31,0.0,3331.19384765625
MGT,2027-02-01,0.0,3220.7568359375
MGT,2027-02-02,0.0,3157.64501953125
MGT,2027-02-03,0.0,3247.083251953125
MGT,2027-02-04,0.0,3442.263427734375
MGT,2027-02-05,0.0,3391.03466796875
MGT,2027-02-06,0.0,3391.00634765625
MGT,2027-02-07,0.0,3307.40478515625
MGT,2027-02-08,0.0,3331.071533203125
MGT,2027-02-09,0.0,3331.071533203125
MGT,2027-02-10,0.0,3453.02734375
MGT,2027-02-11,0.0,3428.019775390625
MGT,2027-02-12,0.0,3450.490478515625
MGT,2027-02-13,0.0,3536.848388671875
MGT,2027-02-14,0.0,3619.541748046875
MGT,2027-02-15,0.0,3565.075927734375
MGT,2027-02-16,0.0,3565.075927734375
MGT,2027-02-17,0.0,3395.259033203125
MGT,2027-02-18,0.0,3396.0
MGT,2027-02-19,0.0,3386.891845703125
MGT,2027-02-20,0.0,3385.580810546875
MGT,2027-02-21,0.0,3343.259521484375
MGT,2027-02-22,0.0,3378.346923828125
MGT,2027-02-23,0.0,3343.259521484375
MGT,2027-02-24,0.0,3412.117919921875
MGT,2027-02-25,0.0,3338.918212890625
MGT,2027-02-26,0.0,3357.60400390625
MGT,2027-02-27,0.0,3351.4375
MGT,2027-02-28,0.0,3264.3349609375
MGT,2027-03-01,0.1,3766.52587890625
MGT,2027-03-02,0.1,3953.251953125
MGT,2027-03-03,0.1,3965.34765625
MGT,2027-03-04,0.1,3961.18701171875
MGT,2027-03-05,0.1,4239.90380859375
MGT,2027-03-06,0.1,4424.30712890625
MGT,2027-03-07,0.1,4503.69775390625
MGT,2027-03-08,0.1,5451.904296875
MGT,2027-03-09,0.1,4801.15673828125
MGT,2027-03-10,0.1,4433.59130859375
MGT,2027-03-11,0.1,4283.67431640625
MGT,2027-03-12,0.1,4337.501953125
MGT,2027-03-13,0.1,4551.06298828125
MGT,2027-03-14,0.1,4332.25634765625
MGT,2027-03-15,0.1,4713.2880859375
MGT,2027-03-16,0.1,4933.337890625
MGT,2027-03-17,0.1,4868.90234375
MGT,2027-03-18,0.1,4465.11572265625
MGT,2027-03-19,0.1,4599.5849609375
MGT,2027-03-20,0.1,4616.744140625
MGT,2027-03-21,0.1,4615.560546875
MGT,2027-03-22,0.1,4691.744140625
MGT,2027-03-23,0.1,4828.87451171875
MGT,2027-03-24,0.1,4782.19970703125
MGT,2027-03-25,0.1,4597.12646484375
MGT,2027-03-26,0.1,4438.5263671875
MGT,2027-03-27,0.1,4396.8330078125
MGT,2027-03-28,0.1,5376.44873046875
MGT,2027-03-29,0.1,6205.97900390625
MGT,2027-03-30,0.1,7162.5185546875
MGT,2027-03-31,0.1,7175.01220703125
MGT,2027-04-01,3.0,7452.13671875
MGT,2027-04-02,3.0,12537.578125
MGT,2027-04-03,3.0,16471.4375
MGT,2027-04-04,3.0,20989.771484375
MGT,2027-04-05,3.0,21307.28515625
MGT,2027-04-06,3.0,22065.841796875
MGT,2027-04-07,3.0,24518.20703125
MGT,2027-04-08,3.0,26771.970703125
MGT,2027-04-09,3.0,23902.759765625
MGT,2027-04-10,3.0,25142.728515625
MGT,2027-04-11,3.0,25813.08984375
MGT,2027-04-12,3.0,28400.330078125
MGT,2027-04-13,3.0,28613.265625
MGT,2027-04-14,3.0,26791.984375
MGT,2027-04-15,3.0,27414.64453125
MGT,2027-04-16,3.0,27071.287109375
MGT,2027-04-17,3.0,27571.1640625
MGT,2027-04-18,3.0,27230.2890625
MGT,2027-04-19,3.0,26349.576171875
MGT,2027-04-20,3.0,26328.798828125
MGT,2027-04-21,3.0,27287.955078125
MGT,2027-04-22,3.0,26306.07421875
MGT,2027-04-23,3.0,27669.8515625
MGT,2027-04-24,3.0,28035.3125
MGT,2027-04-25,3.0,28455.8515625
MGT,2027-04-26,3.0,26587.333984375
MGT,2027-04-27,3.0,26900.41796875
MGT,2027-04-28,3.0,27224.865234375
MGT,2027-04-29,3.0,27348.708984375
MGT,2027-04-30,3.0,28201.205078125
MGT,2027-05-01,12.0,31565.462890625
MGT,2027-05-02,12.0,38025.33203125
MGT,2027-05-03,12.0,44513.88671875
MGT,2027-05-04,12.0,45882.01171875
MGT,2027-05-05,12.0,43233.9296875
MGT,2027-05-06,12.0,43944.95703125
MGT,2027-05-07,12.0,39261.4921875
MGT,2027-05-08,12.0,37076.125
MGT,2027-05-09,12.0,37882.515625
MGT,2027-05-10,12.0,41570.21484375
MGT,2027-05-11,12.0,36616.9921875
MGT,2027-05-12,12.0,38100.67578125
MGT,2027-05-13,12.0,37017.765625
MGT,2027-05-14,12.0,37464.96875
MGT,2027-05-15,12.0,40756.0390625
MGT,2027-05-16,12.0,42094.1953125
MGT,2027-05-17,12.0,41134.75
MGT,2027-05-18,12.0,41353.3671875
MGT,2027-05-19,12.0,41583.03125
MGT,2027-05-20,12.0,40893.953125
MGT,2027-05-21,12.0,40504.59375
MGT,2027-05-22,12.0,40884.2578125
MGT,2027-05-23,12.0,39711.48828125
MGT,2027-05-24,12.0,38809.75
MGT,2027-05-25,12.0,39299.578125
MGT,2027-05-26,12.0,38811.76953125
MGT,2027-05-27,12.0,39894.5078125
MGT,2027-05-28,12.0,39587.66015625
MGT,2027-05-29,12.0,40118.40625
MGT,2027-05-30,12.0,40115.73046875
MGT,2027-05-31,12.0,41888.6796875
MGT,2027-06-01,6.5,40264.99609375
MGT,2027-06-02,6.5,38637.45703125
MGT,2027-06-03,6.5,36696.73828125
MGT,2027-06-04,6.5,36343.34765625
MGT,2027-06-05,6.5,34836.64453125
MGT,2027-06-06,6.5,35570.53125
MGT,2027-06-07,6.5,34126.4609375
MGT,2027-06-08,6.5,34565.6796875
MGT,2027-06-09,6.5,32388.21484375
MGT,2027-06-10,6.5,30758.193359375
MGT,2027-06-11,6.5,30364.8046875
MGT,2027-06-12,6.5,27877.431640625
MGT,2027-06-13,6.5,26143.033203125
MGT,2027-06-14,6.5,25994.708984375
MGT,2027-06-15,6.5,25614.56640625
MGT,2027-06-16,6.5,25950.78515625
MGT,2027-06-17,6.5,25284.1875
MGT,2027-06-18,6.5,25512.236328125
MGT,2027-06-19,6.5,24744.728515625
MGT,2027-06-20,6.5,23596.951171875
MGT,2027-06-21,6.5,23799.53125
MGT,2027-06-22,6.5,23268.36328125
MGT,2027-06-23,6.5,22465.09765625
MGT,2027-06-24,6.5,21669.34765625
MGT,2027-06-25,6.5,19655.654296875
MGT,2027-06-26,6.5,17684.30859375
MGT,2027-06-27,6.5,18521.369140625
MGT,2027-06-28,6.5,17306.765625
MGT,2027-06-29,6.5,18186.869140625
MGT,2027-06-30,6.5,18478.970703125
MGT,2027-07-01,2.5,17668.220703125
MGT,2027-07-02,2.5,16308.326171875
MGT,2027-07-03,2.5,15994.951171875
MGT,2027-07-04,2.5,16033.2470703125
MGT,2027-07-05,2.5,16063.8662109375
MGT,2027-07-06,2.5,16722.896484375
MGT,2027-07-07,2.5,18337.873046875
MGT,2027-07-08,2.5,18873.041015625
MGT,2027-07-09,2.5,17827.21875
MGT,2027-07-10,2.5,17263.30859375
MGT,2027-07-11,2.5,16156.56640625
MGT,2027-07-12,2.5,15589.4853515625
MGT,2027-07-13,2.5,15705.8544921875
MGT,2027-07-14,2.5,16353.2333984375
MGT,2027-07-15,2.5,17117.138671875
MGT,2027-07-16,2.5,18082.8515625
MGT,2027-07-17,2.5,17353.994140625
MGT,2027-07-18,2.5,16815.64453125
MGT,2027-07-19,2.5,16988.38671875
MGT,2027-07-20,2.5,18342.76171875
MGT,2027-07-21,2.5,18097.7734375
MGT,2027-07-22,2.5,18724.689453125
MGT,2027-07-23,2.5,18721.873046875
MGT,2027-07-24,2.5,18852.12890625
MGT,2027-07-25,2.5,17938.22265625
MGT,2027-07-26,2.5,17836.892578125
MGT,2027-07-27,2.5,17355.66796875
MGT,2027-07-28,2.5,17235.697265625
MGT,2027-07-29,2.5,17772.546875
MGT,2027-07-30,2.5,18835.548828125
MGT,2027-07-31,2.5,18066.69921875
MGT,2027-08-01,2.6,18496.615234375
MGT,2027-08-02,2.6,18534.634765625
MGT,2027-08-03,2.6,19290.5546875
MGT,2027-08-04,2.6,18626.466796875
MGT,2027-08-05,2.6,17957.28515625
MGT,2027-08-06,2.6,18093.50390625
MGT,2027-08-07,2.6,17781.88671875
MGT,2027-08-08,2.6,17872.65625
MGT,2027-08-09,2.6,18347.830078125
MGT,2027-08-10,2.6,18461.37109375
MGT,2027-08-11,2.6,18700.1953125
MGT,2027-08-12,2.6,18287.369140625
MGT,2027-08-13,2.6,18318.736328125
MGT,2027-08-14,2.6,17723.17578125
MGT,2027-08-15,2.6,17207.3984375
MGT,2027-08-16,2.6,17991.892578125
MGT,2027-08-17,2.6,18979.30859375
MGT,2027-08-18,2.6,18718.478515625
MGT,2027-08-19,2.6,18369.3203125
MGT,2027-08-20,2.6,18024.7109375
MGT,2027-08-21,2.6,18388.4375
MGT,2027-08-22,2.6,17729.18359375
MGT,2027-08-23,2.6,17465.767578125
MGT,2027-08-24,2.6,17670.41015625
MGT,2027-08-25,2.6,18696.43359375
MGT,2027-08-26,2.6,19090.37890625
MGT,2027-08-27,2.6,18679.580078125
MGT,2027-08-28,2.6,18097.767578125
MGT,2027-08-29,2.6,17960.248046875
MGT,2027-08-30,2.6,18000.63671875
MGT,2027-08-31,2.6,18983.318359375
MGT,2027-09-01,8.0,21143.625
MGT,2027-09-02,8.0,22089.779296875
MGT,2027-09-03,8.0,22861.14453125
MGT,2027-09-04,8.0,23527.7421875
MGT,2027-09-05,8.0,22681.66015625
MGT,2027-09-06,8.0,23137.8046875
MGT,2027-09-07,8.0,24297.86328125
MGT,2027-09-08,8.0,24085.791015625
MGT,2027-09-09,8.0,24273.1875
MGT,2027-09-10,8.0,24941.96875
MGT,2027-09-11,8.0,25812.791015625
MGT,2027-09-12,8.0,27812.353515625
MGT,2027-09-13,8.0,25477.494140625
MGT,2027-09-14,8.0,25201.283203125
MGT,2027-09-15,8.0,25399.794921875
MGT,2027-09-16,8.0,27118.3046875
MGT,2027-09-17,8.0,26135.390625
MGT,2027-09-18,8.0,26205.333984375
MGT,2027-09-19,8.0,25352.85546875
MGT,2027-09-20,8.0,26473.0859375
MVB,2026-09-16,0.0,101884.2109375
MVB,2026-09-17,0.0,106387.6796875
MVB,2026-09-18,0.0,106883.3984375
MVB,2026-09-19,0.0,102977.8984375
MVB,2026-09-20,0.0,104386.203125
MVB,2026-09-21,0.0,99528.1796875
MVB,2026-09-22,0.0,107027.46875
MVB,2026-09-23,0.0,85056.84375
MVB,2026-09-24,0.0,81150.4140625
MVB,2026-09-25,0.0,71752.25
MVB,2026-09-26,0.0,78143.2890625
MVB,2026-09-27,0.0,73924.203125
MVB,2026-09-28,0.0,68006.84375
MVB,2026-09-29,0.0,74034.1796875
MVB,2026-09-30,0.0,77865.328125
MVB,2026-10-01,0.0,80162.5703125
MVB,2026-10-02,0.0,76758.3359375
MVB,2026-10-03,0.0,76997.5234375
MVB,2026-10-04,0.0,77778.6875
MVB,2026-10-05,0.0,91025.4921875
MVB,2026-10-06,0.0,101834.9765625
MVB,2026-10-07,0.0,104972.3203125
MVB,2026-10-08,0.0,100664.921875
MVB,2026-10-09,0.0,108166.9453125
MVB,2026-10-10,0.0,93765.484375
MVB,2026-10-11,0.0,93533.0234375
MVB,2026-10-12,0.0,92434.1171875
MVB,2026-10-13,0.0,85213.328125
MVB,2026-10-14,0.0,79420.2578125
MVB,2026-10-15,0.0,80201.15625
MVB,2026-10-16,0.0,70769.5
MVB,2026-10-17,0.0,75879.3203125
MVB,2026-10-18,0.0,68501.890625
MVB,2026-10-19,0.0,74572.3828125
MVB,2026-10-20,0.0,74952.234375
MVB,2026-10-21,0.0,84900.6328125
MVB,2026-10-22,0.0,77603.4296875
MVB,2026-10-23,0.0,86530.7890625
MVB,2026-10-24,0.0,88933.75
MVB,2026-10-25,0.0,93741.9296875
MVB,2026-10-26,0.0,126075.4453125
MVB,2026-10-27,0.0,141189.015625
MVB,2026-10-28,0.0,127858.265625
MVB,2026-10-29,0.0,125153.09375
MVB,2026-10-30,0.0,124004.4375
MVB,2026-10-31,0.0,134961.1875
MVB,2026-11-01,0.0,123703.5546875
MVB,2026-11-02,0.0,114722.3125
MVB,2026-11-03,0.0,115586.0390625
MVB,2026-11-04,0.0,115228.4296875
MVB,2026-11-05,0.0,111765.859375
MVB,2026-11-06,0.0,117384.40625
MVB,2026-11-07,0.0,126410.5078125
MVB,2026-11-08,0.0,129800.8515625
MVB,2026-11-09,0.0,131208.015625
MVB,2026-11-10,0.0,129045.8125
MVB,2026-11-11,0.0,129571.0234375
MVB,2026-11-12,0.0,126173.1171875
MVB,2026-11-13,0.0,125374.21875
MVB,2026-11-14,0.0,122540.4609375
MVB,2026-11-15,0.0,122290.796875
MVB,2026-11-16,0.0,124194.921875
MVB,2026-11-17,0.0,122610.2421875
MVB,2026-11-18,0.0,122412.5703125
MVB,2026-11-19,0.0,124965.25
MVB,2026-11-20,0.0,125706.0703125
MVB,2026-11-21,0.0,128525.6328125
MVB,2026-11-22,0.0,128696.96875
MVB,2026-11-23,0.0,121074.15625
MVB,2026-11-24,0.0,118632.1171875
MVB,2026-11-25,0.0,119863.171875
MVB,2026-11-26,0.0,118134.8984375
MVB,2026-11-27,0.0,116488.390625
MVB,2026-11-28,0.0,110040.96875
MVB,2026-11-29,0.0,101325.4296875
MVB,2026-11-30,0.0,101378.640625
MVB,2026-12-01,0.0,98225.3671875
MVB,2026-12-02,0.0,90789.859375
MVB,2026-12-03,0.0,86984.75
MVB,2026-12-04,0.0,72723.2421875
MVB,2026-12-05,0.0,70565.7421875
MVB,2026-12-06,0.0,66693.953125
MVB,2026-12-07,0.0,73005.6953125
MVB,2026-12-08,0.0,69168.8828125
MVB,2026-12-09,0.0,69327.796875
MVB,2026-12-10,0.0,85144.59375
MVB,2026-12-11,0.0,90703.1796875
MVB,2026-12-12,0.0,86263.875
MVB,2026-12-13,0.0,73056.265625
MVB,2026-12-14,0.0,69904.3359375
MVB,2026-12-15,0.0,70625.0625
MVB,2026-12-16,0.0,70607.9921875
MVB,2026-12-17,0.0,73047.4375
MVB,2026-12-18,0.0,74115.375
MVB,2026-12-19,0.0,81286.8125
MVB,2026-12-20,0.0,92826.71875
MVB,2026-12-21,0.0,82174.0546875
MVB,2026-12-22,0.0,73436.4296875
MVB,2026-12-23,0.0,70624.2734375
MVB,2026-12-24,0.0,70221.1640625
MVB,2026-12-25,0.0,69510.5
MVB,2026-12-26,0.0,69481.7109375
MVB,2026-12-27,0.0,70495.640625
MVB,2026-12-28,0.0,85663.234375
MVB,2026-12-29,0.0,92875.78125
MVB,2026-12-30,0.0,87503.2265625
MVB,2026-12-31,0.0,75601.578125
MVB,2027-01-01,0.0,70532.171875
MVB,2027-01-02,0.0,68395.7578125
MVB,2027-01-03,0.0,68059.4453125
MVB,2027-01-04,0.0,67999.78125
MVB,2027-01-05,0.0,68017.734375
MVB,2027-01-06,0.0,68623.9375
MVB,2027-01-07,0.0,71845.8046875
MVB,2027-01-08,0.0,69887.3203125
MVB,2027-01-09,0.0,64848.390625
MVB,2027-01-10,0.0,56802.0546875
MVB,2027-01-11,0.0,56129.9375
MVB,2027-01-12,0.0,54154.68359375
MVB,2027-01-13,0.0,55287.06640625
MVB,2027-01-14,0.0,51338.6953125
MVB,2027-01-15,0.0,54426.734375
MVB,2027-01-16,0.0,51261.27734375
MVB,2027-01-17,0.0,53896.89453125
MVB,2027-01-18,0.0,54142.35546875
MVB,2027-01-19,0.0,59430.8515625
MVB,2027-01-20,0.0,55552.16015625
MVB,2027-01-21,0.0,56298.02734375
MVB,2027-01-22,0.0,53298.37109375
MVB,2027-01-23,0.0,55097.984375
MVB,2027-01-24,0.0,56259.95703125
MVB,2027-01-25,0.0,57546.38671875
MVB,2027-01-26,0.0,61017.359375
MVB,2027-01-27,0.0,64248.140625
MVB,2027-01-28,0.0,69073.71875
MVB,2027-01-29,0.0,74318.9140625
MVB,2027-01-30,0.0,72645.125
MVB,2027-01-31,0.0,74254.1875
MVB,2027-02-01,0.0,76258.734375
MVB,2027-02-02,0.0,75721.28125
MVB,2027-02-03,0.0,76656.4921875
MVB,2027-02-04,0.0,79776.609375
MVB,2027-02-05,0.0,75759.4296875
MVB,2027-02-06,0.0,74527.359375
MVB,2027-02-07,0.0,76823.5
MVB,2027-02-08,0.0,79701.75
MVB,2027-02-09,0.0,79551.03125
MVB,2027-02-10,0.0,77414.90625
MVB,2027-02-11,0.0,74797.8359375
MVB,2027-02-12,0.0,76826.953125
MVB,2027-02-13,0.0,77588.796875
MVB,2027-02-14,0.0,75440.625
MVB,2027-02-15,0.0,75321.0234375
MVB,2027-02-16,0.0,74001.09375
MVB,2027-02-17,0.0,77482.796875
MVB,2027-02-18,0.0,69330.625
MVB,2027-02-19,0.0,72277.7578125
MVB,2027-02-20,0.0,72556.96875
MVB,2027-02-21,0.0,80505.3984375
MVB,2027-02-22,0.0,70358.1875
MVB,2027-02-23,0.0,79025.7734375
MVB,2027-02-24,0.0,65783.0625
MVB,2027-02-25,0.0,59078.6171875
MVB,2027-02-26,0.0,51549.875
MVB,2027-02-27,0.0,48240.84765625
MVB,2027-02-28,0.0,49329.20703125
MVB,2027-03-01,0.0,53490.16015625
MVB,2027-03-02,0.0,52557.85546875
MVB,2027-03-03,0.0,48785.15625
MVB,2027-03-04,0.0,49266.078125
MVB,2027-03-05,0.0,48865.51953125
MVB,2027-03-06,0.0,51878.11328125
MVB,2027-03-07,0.0,50529.45703125
MVB,2027-03-08,0.0,50574.28515625
MVB,2027-03-09,0.0,51384.78125
MVB,2027-03-10,0.0,52895.9375
MVB,2027-03-11,0.0,52951.40234375
MVB,2027-03-12,0.0,58515.49609375
MVB,2027-03-13,0.0,60149.3203125
MVB,2027-03-14,0.0,61239.8125
MVB,2027-03-15,0.0,60959.0546875
MVB,2027-03-16,0.0,59914.93359375
MVB,2027-03-17,0.0,54661.83203125
MVB,2027-03-18,0.0,56530.55078125
MVB,2027-03-19,0.0,64020.40625
MVB,2027-03-20,0.0,71223.8125
MVB,2027-03-21,0.0,75762.015625
MVB,2027-03-22,0.0,72234.953125
MVB,2027-03-23,0.0,67194.140625
MVB,2027-03-24,0.0,66290.921875
MVB,2027-03-25,0.0,57111.69140625
MVB,2027-03-26,0.0,66223.609375
MVB,2027-03-27,0.0,74711.359375
MVB,2027-03-28,0.0,85838.734375
MVB,2027-03-29,0.0,85782.0859375
MVB,2027-03-30,0.0,86057.7109375
MVB,2027-03-31,0.0,81414.375
MVB,2027-04-01,0.0,69882.765625
MVB,2027-04-02,0.0,82556.3828125
MVB,2027-04-03,0.0,81424.3046875
MVB,2027-04-04,0.0,80163.7421875
MVB,2027-04-05,0.0,76687.7265625
MVB,2027-04-06,0.0,78740.46875
MVB,2027-04-07,0.0,76522.6640625
MVB,2027-04-08,0.0,74311.421875
MVB,2027-04-09,0.0,76961.28125
MVB,2027-04-10,0.0,71906.875
MVB,2027-04-11,0.0,75867.015625
MVB,2027-04-12,0.0,76499.640625
MVB,2027-04-13,0.0,76411.1875
MVB,2027-04-14,0.0,75568.28125
MVB,2027-04-15,0.0,74266.046875
MVB,2027-04-16,0.0,78387.0859375
MVB,2027-04-17,0.0,72272.6484375
MVB,2027-04-18,0.0,76698.1796875
MVB,2027-04-19,0.0,73430.40625
MVB,2027-04-20,0.0,77970.71875
MVB,2027-04-21,0.0,72315.703125
MVB,2027-04-22,0.0,74107.5546875
MVB,2027-04-23,0.0,75375.140625
MVB,2027-04-24,0.0,71738.9453125
MVB,2027-04-25,0.0,78222.25
MVB,2027-04-26,0.0,74774.109375
MVB,2027-04-27,0.0,77429.2265625
MVB,2027-04-28,0.0,70497.3359375
MVB,2027-04-29,0.0,68701.8203125
MVB,2027-04-30,0.0,77329.8828125
MVB,2027-05-01,0.0,68146.9765625
MVB,2027-05-02,0.0,78324.546875
MVB,2027-05-03,0.0,72667.4609375
MVB,2027-05-04,0.0,77287.5859375
MVB,2027-05-05,0.0,71912.9375
MVB,2027-05-06,0.0,75248.625
MVB,2027-05-07,0.0,72682.4765625
MVB,2027-05-08,0.0,76508.8515625
MVB,2027-05-09,0.0,69906.0
MVB,2027-05-10,0.0,77677.234375
MVB,2027-05-11,0.0,71805.5546875
MVB,2027-05-12,0.0,77105.453125
MVB,2027-05-13,0.0,72940.3671875
MVB,2027-05-14,0.0,77118.5
MVB,2027-05-15,0.0,74816.5390625
MVB,2027-05-16,0.0,73524.03125
MVB,2027-05-17,0.0,75822.9296875
MVB,2027-05-18,0.0,71597.140625
MVB,2027-05-19,0.0,74923.8203125
MVB,2027-05-20,0.0,76305.2578125
MVB,2027-05-21,0.0,72935.28125
MVB,2027-05-22,0.0,77720.6015625
MVB,2027-05-23,0.0,72868.78125
MVB,2027-05-24,0.0,73711.3984375
MVB,2027-05-25,0.0,71719.3828125
MVB,2027-05-26,0.0,70151.8046875
MVB,2027-05-27,0.0,74696.3046875
MVB,2027-05-28,0.0,76295.9296875
MVB,2027-05-29,0.0,74470.875
MVB,2027-05-30,0.0,75445.6875
MVB,2027-05-31,0.0,76336.2421875
MVB,2027-06-01,0.0,69786.7265625
MVB,2027-06-02,0.0,72042.5546875
MVB,2027-06-03,0.0,73421.8515625
MVB,2027-06-04,0.0,73726.4375
MVB,2027-06-05,0.0,76897.609375
MVB,2027-06-06,0.0,73821.28125
MVB,2027-06-07,0.0,75741.84375
MVB,2027-06-08,0.0,72260.421875
MVB,2027-06-09,0.0,70957.015625
MVB,2027-06-10,0.0,71738.359375
MVB,2027-06-11,0.0,74180.46875
MVB,2027-06-12,0.0,76098.890625
MVB,2027-06-13,0.0,72909.5546875
MVB,2027-06-14,0.0,74169.5078125
MVB,2027-06-15,0.0,71028.8984375
MVB,2027-06-16,0.0,69165.703125
MVB,2027-06-17,0.0,67937.7578125
MVB,2027-06-18,0.0,69760.8515625
MVB,2027-06-19,0.0,70370.4375
MVB,2027-06-20,0.0,68597.0078125
MVB,2027-06-21,0.0,70695.7421875
MVB,2027-06-22,0.0,66183.0625
MVB,2027-06-23,0.0,51258.234375
MVB,2027-06-24,0.0,49276.33984375
MVB,2027-06-25,0.0,42293.87109375
MVB,2027-06-26,0.0,46070.9765625
MVB,2027-06-27,0.0,42378.0390625
MVB,2027-06-28,0.0,45378.03515625
MVB,2027-06-29,0.0,35360.6015625
MVB,2027-06-30,0.0,41333.95703125
MVB,2027-07-01,0.0,38791.99609375
MVB,2027-07-02,0.0,45513.796875
MVB,2027-07-03,0.0,33838.390625
MVB,2027-07-04,0.0,44439.67578125
MVB,2027-07-05,0.0,33917.51953125
MVB,2027-07-06,0.0,43538.6640625
MVB,2027-07-07,0.0,45477.3984375
MVB,2027-07-08,0.0,52089.42578125
MVB,2027-07-09,0.0,42039.4140625
MVB,2027-07-10,0.0,46569.2421875
MVB,2027-07-11,0.0,41673.48046875
MVB,2027-07-12,0.0,55583.9296875
MVB,2027-07-13,0.0,52296.62109375
MVB,2027-07-14,0.0,58539.890625
MVB,2027-07-15,0.0,61157.2734375
MVB,2027-07-16,0.0,74176.671875
MVB,2027-07-17,0.0,67100.703125
MVB,2027-07-18,0.0,73525.796875
MVB,2027-07-19,0.0,64233.85546875
MVB,2027-07-20,0.0,71603.265625
MVB,2027-07-21,0.0,67674.1640625
MVB,2027-07-22,0.0,68998.2734375
MVB,2027-07-23,0.0,71829.8046875
MVB,2027-07-24,0.0,68865.3359375
MVB,2027-07-25,0.0,71345.0703125
MVB,2027-07-26,0.0,72184.2421875
MVB,2027-07-27,0.0,74803.859375
MVB,2027-07-28,0.0,74658.7109375
MVB,2027-07-29,0.0,80385.046875
MVB,2027-07-30,0.0,74465.6328125
MVB,2027-07-31,0.0,77293.640625
MVB,2027-08-01,0.0,68714.296875
MVB,2027-08-02,0.0,76361.6015625
MVB,2027-08-03,0.0,68835.6015625
MVB,2027-08-04,0.0,72686.4296875
MVB,2027-08-05,0.0,71565.0703125
MVB,2027-08-06,0.0,69189.078125
MVB,2027-08-07,0.0,69157.3125
MVB,2027-08-08,0.0,66613.8359375
MVB,2027-08-09,0.0,63997.96484375
MVB,2027-08-10,0.0,61074.375
MVB,2027-08-11,0.0,56855.12109375
MVB,2027-08-12,0.0,63785.4765625
MVB,2027-08-13,0.0,58266.4140625
MVB,2027-08-14,0.0,53571.15625
MVB,2027-08-15,0.0,48284.36328125
MVB,2027-08-16,0.0,48773.48828125
MVB,2027-08-17,0.0,52760.6640625
MVB,2027-08-18,0.0,55553.0625
MVB,2027-08-19,0.0,55731.06640625
MVB,2027-08-20,0.0,59000.0625
MVB,2027-08-21,0.0,67181.546875
MVB,2027-08-22,0.0,82200.4375
MVB,2027-08-23,0.0,91043.8359375
MVB,2027-08-24,0.0,106047.5078125
MVB,2027-08-25,0.0,115184.4296875
MVB,2027-08-26,0.0,121265.453125
MVB,2027-08-27,0.0,121421.0078125
MVB,2027-08-28,0.0,115697.5234375
MVB,2027-08-29,0.0,110940.1328125
MVB,2027-08-30,0.0,111232.875
MVB,2027-08-31,0.0,104312.1640625
MVB,2027-09-01,0.0,105447.71875
MVB,2027-09-02,0.0,105046.625
MVB,2027-09-03,0.0,105113.578125
MVB,2027-09-04,0.0,105407.8671875
MVB,2027-09-05,0.0,107126.9765625
MVB,2027-09-06,0.0,106430.7265625
MVB,2027-09-07,0.0,102674.0390625
MVB,2027-09-08,0.0,98232.0078125
MVB,2027-09-09,0.0,92578.9296875
MVB,2027-09-10,0.0,87078.1953125
MVB,2027-09-11,0.0,75155.09375
MVB,2027-09-12,0.0,77197.984375
MVB,2027-09-13,0.0,75308.6953125
MVB,2027-09-14,0.0,71335.546875
MVB,2027-09-15,0.0,71925.8984375
ORIC,2026-09-19,0.0,3553.573974609375
ORIC,2026-09-20,0.0,3679.65283203125
ORIC,2026-09-21,0.0,3514.308837890625
ORIC,2026-09-22,0.0,3727.52392578125
ORIC,2026-09-23,0.0,4065.406005859375
ORIC,2026-09-24,0.0,4571.01953125
ORIC,2026-09-25,0.0,2755.03173828125
ORIC,2026-09-26,0.0,3287.127685546875
ORIC,2026-09-27,0.0,3566.181396484375
ORIC,2026-09-28,0.0,3045.6064453125
ORIC,2026-09-29,0.0,2601.190673828125
ORIC,2026-09-30,0.0,3253.19287109375
ORIC,2026-10-01,0.0,3424.826904296875
ORIC,2026-10-02,0.0,3599.549072265625
ORIC,2026-10-03,0.0,3574.212158203125
ORIC,2026-10-04,0.0,3353.854736328125
ORIC,2026-10-05,0.0,3405.370849609375
ORIC,2026-10-06,0.0,3259.162841796875
ORIC,2026-10-07,0.0,3040.3525390625
ORIC,2026-10-08,0.0,3030.34423828125
ORIC,2026-10-09,0.0,2928.46728515625
ORIC,2026-10-10,0.0,3199.53271484375
ORIC,2026-10-11,0.0,3732.05419921875
ORIC,2026-10-12,0.0,3460.58544921875
ORIC,2026-10-13,0.0,3264.4462890625
ORIC,2026-10-14,0.0,3497.162841796875
ORIC,2026-10-15,0.0,3340.172119140625
ORIC,2026-10-16,0.0,3539.47412109375
ORIC,2026-10-17,0.0,3490.4951171875
ORIC,2026-10-18,0.0,2985.546142578125
ORIC,2026-10-19,0.0,3084.474853515625
ORIC,2026-10-20,0.0,3575.38671875
ORIC,2026-10-21,0.0,3305.021484375
ORIC,2026-10-22,0.0,3498.71435546875
ORIC,2026-10-23,0.0,3138.096923828125
ORIC,2026-10-24,0.0,3289.801513671875
ORIC,2026-10-25,0.0,3882.87841796875
ORIC,2026-10-26,0.0,3541.572021484375
ORIC,2026-10-27,0.0,3312.33544921875
ORIC,2026-10-28,0.0,3767.887939453125
ORIC,2026-10-29,0.0,3311.24609375
ORIC,2026-10-30,0.0,4022.24365234375
ORIC,2026-10-31,0.0,3388.8271484375
ORIC,2026-11-01,0.0,3491.52734375
ORIC,2026-11-02,0.0,3171.707763671875
ORIC,2026-11-03,0.0,3770.45166015625
ORIC,2026-11-04,0.0,3218.81298828125
ORIC,2026-11-05,0.0,3579.66943359375
ORIC,2026-11-06,0.0,3248.264892578125
ORIC,2026-11-07,0.0,3325.54296875
ORIC,2026-11-08,0.0,3340.894287109375
ORIC,2026-11-09,0.0,3370.755126953125
ORIC,2026-11-10,0.0,3354.171630859375
ORIC,2026-11-11,0.0,3330.62890625
ORIC,2026-11-12,0.0,3299.288330078125
ORIC,2026-11-13,0.0,3438.93017578125
ORIC,2026-11-14,0.0,3293.103759765625
ORIC,2026-11-15,0.0,3527.096435546875
ORIC,2026-11-16,0.0,3293.925537109375
ORIC,2026-11-17,0.0,3316.966552734375
ORIC,2026-11-18,0.0,3315.32568359375
ORIC,2026-11-19,0.0,3425.95068359375
ORIC,2026-11-20,0.0,3097.623046875
ORIC,2026-11-21,0.0,3418.763427734375
ORIC,2026-11-22,0.0,3148.5087890625
ORIC,2026-11-23,0.0,3124.15771484375
ORIC,2026-11-24,0.0,3115.199462890625
ORIC,2026-11-25,0.0,3272.291259765625
ORIC,2026-11-26,0.0,3199.61669921875
ORIC,2026-11-27,0.0,3345.190185546875
ORIC,2026-11-28,0.0,3193.310546875
ORIC,2026-11-29,0.0,3410.053955078125
ORIC,2026-11-30,0.0,3055.988525390625
ORIC,2026-12-01,0.0,3367.806396484375
ORIC,2026-12-02,0.0,3509.87841796875
ORIC,2026-12-03,0.0,3374.921142578125
ORIC,2026-12-04,0.0,3381.6474609375
ORIC,2026-12-05,0.0,3474.736083984375
ORIC,2026-12-06,0.0,3409.24267578125
ORIC,2026-12-07,0.0,3193.37353515625
ORIC,2026-12-08,0.0,3492.388671875
ORIC,2026-12-09,0.0,3225.32958984375
ORIC,2026-12-10,0.0,3403.946533203125
ORIC,2026-12-11,0.0,3253.006591796875
ORIC,2026-12-12,0.0,3555.302978515625
ORIC,2026-12-13,0.0,3295.936279296875
ORIC,2026-12-14,0.0,3353.619873046875
ORIC,2026-12-15,0.0,3426.1357421875
ORIC,2026-12-16,0.0,3437.947265625
ORIC,2026-12-17,0.0,3334.805908203125
ORIC,2026-12-18,0.0,3342.7763671875
ORIC,2026-12-19,0.0,3286.834228515625
ORIC,2026-12-20,0.0,3551.938720703125
ORIC,2026-12-21,0.0,3204.892578125
ORIC,2026-12-22,0.0,3713.79638671875
ORIC,2026-12-23,0.0,3735.378173828125
ORIC,2026-12-24,0.0,3722.727783203125
ORIC,2026-12-25,0.0,3563.947021484375
ORIC,2026-12-26,0.0,3193.5146484375
ORIC,2026-12-27,0.0,3265.43798828125
ORIC,2026-12-28,0.0,3373.31689453125
ORIC,2026-12-29,0.0,3204.879150390625
ORIC,2026-12-30,0.0,3667.8046875
ORIC,2026-12-31,0.0,3258.172119140625
ORIC,2027-01-01,0.0,2915.615234375
ORIC,2027-01-02,0.0,2697.48779296875
ORIC,2027-01-03,0.0,3386.228271484375
ORIC,2027-01-04,0.0,2935.778564453125
ORIC,2027-01-05,0.0,3145.857421875
ORIC,2027-01-06,0.0,3488.391845703125
ORIC,2027-01-07,0.0,3206.938232421875
ORIC,2027-01-08,0.0,4161.0537109375
ORIC,2027-01-09,0.0,3774.436767578125
ORIC,2027-01-10,0.0,2929.556396484375
ORIC,2027-01-11,0.0,2661.537109375
ORIC,2027-01-12,0.0,2433.99755859375
ORIC,2027-01-13,0.0,3660.5869140625
ORIC,2027-01-14,0.0,3081.555419921875
ORIC,2027-01-15,0.0,3196.88623046875
ORIC,2027-01-16,0.0,3079.756591796875
ORIC,2027-01-17,0.0,3691.376220703125
ORIC,2027-01-18,0.0,3030.766357421875
ORIC,2027-01-19,0.0,3710.212158203125
ORIC,2027-01-20,0.0,3789.242919921875
ORIC,2027-01-21,0.0,3376.806396484375
ORIC,2027-01-22,0.0,3215.0341796875
ORIC,2027-01-23,0.0,4132.40625
ORIC,2027-01-24,0.0,3833.91748046875
ORIC,2027-01-25,0.0,2857.5576171875
ORIC,2027-01-26,0.0,3295.2919921875
ORIC,2027-01-27,0.0,4143.7607421875
ORIC,2027-01-28,0.0,3784.5615234375
ORIC,2027-01-29,0.0,3495.453857421875
ORIC,2027-01-30,0.0,3634.85205078125
ORIC,2027-01-31,0.0,3237.01708984375
ORIC,2027-02-01,0.0,2936.4892578125
ORIC,2027-02-02,0.0,3110.7060546875
ORIC,2027-02-03,0.0,3532.017333984375
ORIC,2027-02-04,0.0,3033.51416015625
ORIC,2027-02-05,0.0,3406.94091796875
ORIC,2027-02-06,0.0,3088.8203125
ORIC,2027-02-07,0.0,3726.875732421875
ORIC,2027-02-08,0.0,3185.435791015625
ORIC,2027-02-09,0.0,3602.990234375
ORIC,2027-02-10,0.0,3324.15234375
ORIC,2027-02-11,0.0,3564.79833984375
ORIC,2027-02-12,0.0,3621.083251953125
ORIC,2027-02-13,0.0,3598.8525390625
ORIC,2027-02-14,0.0,3141.005859375
ORIC,2027-02-15,0.0,3469.655517578125
ORIC,2027-02-16,0.0,3337.33544921875
ORIC,2027-02-17,0.0,3742.478759765625
ORIC,2027-02-18,0.0,3660.714111328125
ORIC,2027-02-19,0.0,3555.056396484375
ORIC,2027-02-20,0.0,3118.19873046875
ORIC,2027-02-21,0.0,3758.83056640625
ORIC,2027-02-22,0.0,3684.93310546875
ORIC,2027-02-23,0.0,3954.2412109375
ORIC,2027-02-24,0.0,3660.7724609375
ORIC,2027-02-25,0.0,3642.07568359375
ORIC,2027-02-26,0.0,3633.623046875
ORIC,2027-02-27,0.0,3640.1337890625
ORIC,2027-02-28,0.0,3380.60791015625
ORIC,2027-03-01,0.0,3700.58251953125
ORIC,2027-03-02,0.0,3328.445556640625
ORIC,2027-03-03,0.0,3581.767578125
ORIC,2027-03-04,0.0,3496.498046875
ORIC,2027-03-05,0.0,3433.7236328125
ORIC,2027-03-06,0.0,3018.69482421875
ORIC,2027-03-07,0.0,3624.6376953125
ORIC,2027-03-08,0.0,3646.368896484375
ORIC,2027-03-09,0.0,3561.75244140625
ORIC,2027-03-10,0.0,3459.406982421875
ORIC,2027-03-11,0.0,3664.39501953125
ORIC,2027-03-12,0.0,3487.030517578125
ORIC,2027-03-13,0.0,3486.652099609375
ORIC,2027-03-14,0.0,3406.998779296875
ORIC,2027-03-15,0.0,3500.275146484375
ORIC,2027-03-16,0.0,2933.974609375
ORIC,2027-03-17,0.0,3593.708984375
ORIC,2027-03-18,0.0,3362.5205078125
ORIC,2027-03-19,0.0,3534.727294921875
ORIC,2027-03-20,0.0,3200.608642578125
ORIC,2027-03-21,0.0,3672.140625
ORIC,2027-03-22,0.0,3737.71337890625
ORIC,2027-03-23,0.0,3936.584716796875
ORIC,2027-03-24,0.0,3762.50048828125
ORIC,2027-03-25,0.0,3679.654541015625
ORIC,2027-03-26,0.0,3830.447021484375
ORIC,2027-03-27,0.0,3869.123291015625
ORIC,2027-03-28,0.0,3763.15673828125
ORIC,2027-03-29,0.0,3589.8828125
ORIC,2027-03-30,0.0,3021.271728515625
ORIC,2027-03-31,0.0,3492.099609375
ORIC,2027-04-01,0.0,2461.795654296875
ORIC,2027-04-02,0.0,2871.779296875
ORIC,2027-04-03,0.0,2673.25244140625
ORIC,2027-04-04,0.0,3182.266357421875
ORIC,2027-04-05,0.0,3096.53076171875
ORIC,2027-04-06,0.0,2969.85009765625
ORIC,2027-04-07,0.0,2724.779052734375
ORIC,2027-04-08,0.0,3446.507080078125
ORIC,2027-04-09,0.0,2685.78076171875
ORIC,2027-04-10,0.0,3023.03466796875
ORIC,2027-04-11,0.0,2742.099853515625
ORIC,2027-04-12,0.0,2650.901611328125
ORIC,2027-04-13,0.0,2320.34130859375
ORIC,2027-04-14,0.0,2991.449462890625
ORIC,2027-04-15,0.0,2867.3828125
ORIC,2027-04-16,0.0,3371.597900390625
ORIC,2027-04-17,0.0,3188.260009765625
ORIC,2027-04-18,0.0,3576.903076171875
ORIC,2027-04-19,0.0,2971.842041015625
ORIC,2027-04-20,0.0,3542.94580078125
ORIC,2027-04-21,0.0,3803.122802734375
ORIC,2027-04-22,0.0,4183.0263671875
ORIC,2027-04-23,0.0,4040.2763671875
ORIC,2027-04-24,0.0,4312.369140625
ORIC,2027-04-25,0.0,4148.77197265625
ORIC,2027-04-26,0.0,4369.7763671875
ORIC,2027-04-27,0.0,4320.81494140625
ORIC,2027-04-28,0.0,4208.66015625
ORIC,2027-04-29,0.0,3632.460693359375
ORIC,2027-04-30,0.0,3035.38720703125
ORIC,2027-05-01,0.0,2816.642333984375
ORIC,2027-05-02,0.0,3421.06787109375
ORIC,2027-05-03,0.0,3557.3447265625
ORIC,2027-05-04,0.0,4046.721923828125
ORIC,2027-05-05,0.0,4374.99267578125
ORIC,2027-05-06,0.0,3865.042236328125
ORIC,2027-05-07,0.0,3851.773681640625
ORIC,2027-05-08,0.0,3465.016357421875
ORIC,2027-05-09,0.0,3516.99462890625
ORIC,2027-05-10,0.0,3227.28662109375
ORIC,2027-05-11,0.0,3675.764404296875
ORIC,2027-05-12,0.0,3693.824951171875
ORIC,2027-05-13,0.0,3981.586181640625
ORIC,2027-05-14,0.0,3747.282470703125
ORIC,2027-05-15,0.0,3334.637451171875
ORIC,2027-05-16,0.0,3207.909912109375
ORIC,2027-05-17,0.0,3652.634765625
ORIC,2027-05-18,0.0,3675.098876953125
ORIC,2027-05-19,0.0,3449.724609375
ORIC,2027-05-20,0.0,3413.665283203125
ORIC,2027-05-21,0.0,3529.786865234375
ORIC,2027-05-22,0.0,3471.693115234375
ORIC,2027-05-23,0.0,3686.768798828125
ORIC,2027-05-24,0.0,3519.226806640625
ORIC,2027-05-25,0.0,3634.68505859375
ORIC,2027-05-26,0.0,3422.995849609375
ORIC,2027-05-27,0.0,3528.8173828125
ORIC,2027-05-28,0.0,3545.441162109375
ORIC,2027-05-29,0.0,2996.734130859375
ORIC,2027-05-30,0.0,3133.0185546875
ORIC,2027-05-31,0.0,3973.193115234375
ORIC,2027-06-01,0.0,3953.66748046875
ORIC,2027-06-02,0.0,3913.006103515625
ORIC,2027-06-03,0.0,4018.37548828125
ORIC,2027-06-04,0.0,4343.8828125
ORIC,2027-06-05,0.0,3775.8955078125
ORIC,2027-06-06,0.0,3608.6318359375
ORIC,2027-06-07,0.0,3394.7890625
ORIC,2027-06-08,0.0,3732.908935546875
ORIC,2027-06-09,0.0,3509.0517578125
ORIC,2027-06-10,0.0,3812.215576171875
ORIC,2027-06-11,0.0,3853.239501953125
ORIC,2027-06-12,0.0,3896.9951171875
ORIC,2027-06-13,0.0,3945.6875
ORIC,2027-06-14,0.0,3400.0712890625
ORIC,2027-06-15,0.0,3362.231689453125
ORIC,2027-06-16,0.0,3828.654541015625
ORIC,2027-06-17,0.0,4097.927734375
ORIC,2027-06-18,0.0,3980.09130859375
ORIC,2027-06-19,0.0,4005.945068359375
ORIC,2027-06-20,0.0,4161.3515625
ORIC,2027-06-21,0.0,4093.409912109375
ORIC,2027-06-22,0.0,4490.96044921875
ORIC,2027-06-23,0.0,3907.17041015625
ORIC,2027-06-24,0.0,4115.1015625
ORIC,2027-06-25,0.0,4158.7646484375
ORIC,2027-06-26,0.0,4569.41943359375
ORIC,2027-06-27,0.0,3825.960205078125
ORIC,2027-06-28,0.0,3742.5986328125
ORIC,2027-06-29,0.0,3365.999755859375
ORIC,2027-06-30,0.0,3945.3828125
ORIC,2027-07-01,0.0,4497.47705078125
ORIC,2027-07-02,0.0,4292.50732421875
ORIC,2027-07-03,0.0,4257.283203125
ORIC,2027-07-04,0.0,4563.57275390625
ORIC,2027-07-05,0.0,4366.56298828125
ORIC,2027-07-06,0.0,4196.2783203125
ORIC,2027-07-07,0.0,4207.48388671875
ORIC,2027-07-08,0.0,4727.28466796875
ORIC,2027-07-09,0.0,4379.5537109375
ORIC,2027-07-10,0.0,4831.68896484375
ORIC,2027-07-11,0.0,4463.2353515625
ORIC,2027-07-12,0.0,4639.61083984375
ORIC,2027-07-13,0.0,4207.20263671875
ORIC,2027-07-14,0.0,4107.0693359375
ORIC,2027-07-15,0.0,4121.1064453125
ORIC,2027-07-16,0.0,4319.10546875
ORIC,2027-07-17,0.0,4025.44970703125
ORIC,2027-07-18,0.0,3640.768310546875
ORIC,2027-07-19,0.0,2075.8740234375
ORIC,2027-07-20,0.0,3115.07373046875
ORIC,2027-07-21,0.0,3556.89306640625
ORIC,2027-07-22,0.0,2830.11083984375
ORIC,2027-07-23,0.0,3308.31005859375
ORIC,2027-07-24,0.0,2968.021728515625
ORIC,2027-07-25,0.0,3112.987548828125
ORIC,2027-07-26,0.0,2401.921875
ORIC,2027-07-27,0.0,3644.72705078125
ORIC,2027-07-28,0.0,3590.210205078125
ORIC,2027-07-29,0.0,3364.457763671875
ORIC,2027-07-30,0.0,3489.17138671875
ORIC,2027-07-31,0.0,3284.049560546875
ORIC,2027-08-01,0.0,3674.572021484375
ORIC,2027-08-02,0.0,3387.361572265625
ORIC,2027-08-03,0.0,2706.716796875
ORIC,2027-08-04,0.0,3643.142822265625
ORIC,2027-08-05,0.0,3061.75439453125
ORIC,2027-08-06,0.0,3591.567138671875
ORIC,2027-08-07,0.0,3014.515625
ORIC,2027-08-08,0.0,3006.39013671875
ORIC,2027-08-09,0.0,3312.453125
ORIC,2027-08-10,0.0,3977.873291015625
ORIC,2027-08-11,0.0,3800.532470703125
ORIC,2027-08-12,0.0,3812.638916015625
ORIC,2027-08-13,0.0,3901.145751953125
ORIC,2027-08-14,0.0,3601.74755859375
ORIC,2027-08-15,0.0,3876.7978515625
ORIC,2027-08-16,0.0,4077.369873046875
ORIC,2027-08-17,0.0,4242.81640625
ORIC,2027-08-18,0.0,4444.3779296875
ORIC,2027-08-19,0.0,4275.52783203125
ORIC,2027-08-20,0.0,4648.60205078125
ORIC,2027-08-21,0.0,3354.51171875
ORIC,2027-08-22,0.0,3516.44287109375
ORIC,2027-08-23,0.0,3568.412353515625
ORIC,2027-08-24,0.0,4092.5419921875
ORIC,2027-08-25,0.0,4702.57421875
ORIC,2027-08-26,0.0,4553.7978515625
ORIC,2027-08-27,0.0,4480.8837890625
ORIC,2027-08-28,0.0,4050.10302734375
ORIC,2027-08-29,0.0,4383.1640625
ORIC,2027-08-30,0.0,4190.67822265625
ORIC,2027-08-31,0.0,4140.291015625
ORIC,2027-09-01,0.0,3861.39013671875
ORIC,2027-09-02,0.0,3543.4462890625
ORIC,2027-09-03,0.0,3982.1865234375
ORIC,2027-09-04,0.0,4109.36376953125
ORIC,2027-09-05,0.0,4347.6689453125
ORIC,2027-09-06,0.0,4224.49853515625
ORIC,2027-09-07,0.0,4072.75634765625
ORIC,2027-09-08,0.0,4101.404296875
ORIC,2027-09-09,0.0,4517.6181640625
ORIC,2027-09-10,0.0,4068.93408203125
ORIC,2027-09-11,0.0,4508.775390625
ORIC,2027-09-12,0.0,4086.191650390625
ORIC,2027-09-13,0.0,4089.50830078125
ORIC,2027-09-14,0.0,4326.25390625
ORIC,2027-09-15,0.0,4195.7548828125
ORIC,2027-09-16,0.0,4303.5234375
ORIC,2027-09-17,0.0,4272.28125
ORIC,2027-09-18,0.0,4362.22216796875
RDP,2026-09-21,0.0,18728.455078125
RDP,2026-09-22,0.0,14034.3193359375
RDP,2026-09-23,0.0,9822.34375
RDP,2026-09-24,0.0,7385.6240234375
RDP,2026-09-25,0.0,6920.31005859375
RDP,2026-09-26,0.0,7037.1220703125
RDP,2026-09-27,0.0,6608.1962890625
RDP,2026-09-28,0.0,6991.60986328125
RDP,2026-09-29,0.0,7616.02099609375
RDP,2026-09-30,0.0,8163.701171875
RDP,2026-10-01,1.5,10461.22265625
RDP,2026-10-02,1.5,15634.794921875
RDP,2026-10-03,1.5,18159.33984375
RDP,2026-10-04,1.5,21989.4140625
RDP,2026-10-05,1.5,23188.40625
RDP,2026-10-06,1.5,23574.541015625
RDP,2026-10-07,1.5,24163.48046875
RDP,2026-10-08,1.5,24514.23046875
RDP,2026-10-09,1.5,24260.33203125
RDP,2026-10-10,1.5,23886.490234375
RDP,2026-10-11,1.5,22941.716796875
RDP,2026-10-12,1.5,21375.509765625
RDP,2026-10-13,1.5,23565.37890625
RDP,2026-10-14,1.5,25786.044921875
RDP,2026-10-15,1.5,27178.365234375
RDP,2026-10-16,1.5,27119.830078125
RDP,2026-10-17,1.5,27934.673828125
RDP,2026-10-18,1.5,27726.291015625
RDP,2026-10-19,1.5,28147.013671875
RDP,2026-10-20,1.5,27604.806640625
RDP,2026-10-21,1.5,28464.806640625
RDP,2026-10-22,1.5,28794.466796875
RDP,2026-10-23,1.5,28524.927734375
RDP,2026-10-24,1.5,28584.185546875
RDP,2026-10-25,1.5,28833.595703125
RDP,2026-10-26,1.5,28814.5546875
RDP,2026-10-27,1.5,28868.318359375
RDP,2026-10-28,1.5,29022.59375
RDP,2026-10-29,1.5,29342.17578125
RDP,2026-10-30,1.5,29503.3984375
RDP,2026-10-31,1.5,30464.203125
RDP,2026-11-01,4.75,30785.8828125
RDP,2026-11-02,4.75,31324.40625
RDP,2026-11-03,4.75,32689.77734375
RDP,2026-11-04,4.75,33214.8828125
RDP,2026-11-05,4.75,33445.53515625
RDP,2026-11-06,4.75,34263.2734375
RDP,2026-11-07,4.75,34652.7421875
RDP,2026-11-08,4.75,34899.45703125
RDP,2026-11-09,4.75,35258.09765625
RDP,2026-11-10,4.75,35149.015625
RDP,2026-11-11,4.75,34774.078125
RDP,2026-11-12,4.75,34298.984375
RDP,2026-11-13,4.75,33167.94140625
RDP,2026-11-14,4.75,31819.595703125
RDP,2026-11-15,4.75,31507.869140625
RDP,2026-11-16,4.75,31412.724609375
RDP,2026-11-17,4.75,31745.078125
RDP,2026-11-18,4.75,31627.029296875
RDP,2026-11-19,4.75,31871.91796875
RDP,2026-11-20,4.75,31796.814453125
RDP,2026-11-21,4.75,31695.017578125
RDP,2026-11-22,4.75,31980.953125
RDP,2026-11-23,4.75,32253.37890625
RDP,2026-11-24,4.75,33033.7109375
RDP,2026-11-25,4.75,33231.3046875
RDP,2026-11-26,4.75,32919.35546875
RDP,2026-11-27,4.75,33668.6875
RDP,2026-11-28,4.75,34341.4609375
RDP,2026-11-29,4.75,34264.38671875
RDP,2026-11-30,4.75,34045.0234375
RDP,2026-12-01,2.35,34073.546875
RDP,2026-12-02,2.35,33706.828125
RDP,2026-12-03,2.35,33781.3359375
RDP,2026-12-04,2.35,33453.1953125
RDP,2026-12-05,2.35,32392.81640625
RDP,2026-12-06,2.35,31339.423828125
RDP,2026-12-07,2.35,30979.39453125
RDP,2026-12-08,2.35,29443.849609375
RDP,2026-12-09,2.35,29174.23828125
RDP,2026-12-10,2.35,28212.294921875
RDP,2026-12-11,2.35,27573.40234375
RDP,2026-12-12,2.35,26902.4609375
RDP,2026-12-13,2.35,26969.171875
RDP,2026-12-14,2.35,26937.453125
RDP,2026-12-15,2.35,26597.00390625
RDP,2026-12-16,2.35,26339.0390625
RDP,2026-12-17,2.35,25983.111328125
RDP,2026-12-18,2.35,25791.861328125
RDP,2026-12-19,2.35,25595.4296875
RDP,2026-12-20,2.35,24783.369140625
RDP,2026-12-21,2.35,25546.20703125
RDP,2026-12-22,2.35,25159.12109375
RDP,2026-12-23,2.35,26368.22265625
RDP,2026-12-24,2.35,25978.958984375
RDP,2026-12-25,2.35,25908.373046875
RDP,2026-12-26,2.35,25996.150390625
RDP,2026-12-27,2.35,25874.736328125
RDP,2026-12-28,2.35,25232.478515625
RDP,2026-12-29,2.35,24893.294921875
RDP,2026-12-30,2.35,24360.330078125
RDP,2026-12-31,2.35,25240.130859375
RDP,2027-01-01,0.0,22764.609375
RDP,2027-01-02,0.0,19916.123046875
RDP,2027-01-03,0.0,18328.3125
RDP,2027-01-04,0.0,17486.767578125
RDP,2027-01-05,0.0,15931.73828125
RDP,2027-01-06,0.0,15430.0234375
RDP,2027-01-07,0.0,14591.73828125
RDP,2027-01-08,0.0,14529.3388671875
RDP,2027-01-09,0.0,14374.7666015625
RDP,2027-01-10,0.0,14314.3037109375
RDP,2027-01-11,0.0,14209.62890625
RDP,2027-01-12,0.0,13473.7607421875
RDP,2027-01-13,0.0,12844.68359375
RDP,2027-01-14,0.0,12840.2978515625
RDP,2027-01-15,0.0,13224.8974609375
RDP,2027-01-16,0.0,12946.4375
RDP,2027-01-17,0.0,12810.517578125
RDP,2027-01-18,0.0,13236.6826171875
RDP,2027-01-19,0.0,13638.0400390625
RDP,2027-01-20,0.0,14178.3291015625
RDP,2027-01-21,0.0,14611.0673828125
RDP,2027-01-22,0.0,14868.8134765625
RDP,2027-01-23,0.0,14313.685546875
RDP,2027-01-24,0.0,14574.98828125
RDP,2027-01-25,0.0,14632.2421875
RDP,2027-01-26,0.0,14355.814453125
RDP,2027-01-27,0.0,13842.740234375
RDP,2027-01-28,0.0,13034.5126953125
RDP,2027-01-29,0.0,12790.578125
RDP,2027-01-30,0.0,12218.521484375
RDP,2027-01-31,0.0,11375.82421875
RDP,2027-02-01,0.0,10208.775390625
RDP,2027-02-02,0.0,10302.728515625
RDP,2027-02-03,0.0,10658.9384765625
RDP,2027-02-04,0.0,9898.306640625
RDP,2027-02-05,0.0,9982.341796875
RDP,2027-02-06,0.0,9903.57421875
RDP,2027-02-07,0.0,10325.841796875
RDP,2027-02-08,0.0,10558.9287109375
RDP,2027-02-09,0.0,9357.2900390625
RDP,2027-02-10,0.0,9659.001953125
RDP,2027-02-11,0.0,9850.154296875
RDP,2027-02-12,0.0,9789.001953125
RDP,2027-02-13,0.0,9612.8310546875
RDP,2027-02-14,0.0,9356.1572265625
RDP,2027-02-15,0.0,9165.873046875
RDP,2027-02-16,0.0,8692.6943359375
RDP,2027-02-17,0.0,8609.8701171875
RDP,2027-02-18,0.0,8867.5302734375
RDP,2027-02-19,0.0,8839.3896484375
RDP,2027-02-20,0.0,9495.8369140625
RDP,2027-02-21,0.0,10555.716796875
RDP,2027-02-22,0.0,9818.296875
RDP,2027-02-23,0.0,9784.28515625
RDP,2027-02-24,0.0,9597.6513671875
RDP,2027-02-25,0.0,9240.296875
RDP,2027-02-26,0.0,8706.1474609375
RDP,2027-02-27,0.0,8135.78125
RDP,2027-02-28,0.0,7839.1943359375
RDP,2027-03-01,0.0,7709.78955078125
RDP,2027-03-02,0.0,7265.24462890625
RDP,2027-03-03,0.0,6842.46923828125
RDP,2027-03-04,0.0,6616.98974609375
RDP,2027-03-05,0.0,6719.7587890625
RDP,2027-03-06,0.0,6727.0966796875
RDP,2027-03-07,0.0,6846.0751953125
RDP,2027-03-08,0.0,6781.89794921875
RDP,2027-03-09,0.0,6771.181640625
RDP,2027-03-10,0.0,7010.93701171875
RDP,2027-03-11,0.0,7231.56103515625
RDP,2027-03-12,0.0,7196.06298828125
RDP,2027-03-13,0.0,7233.49072265625
RDP,2027-03-14,0.0,6609.75634765625
RDP,2027-03-15,0.0,6333.75048828125
RDP,2027-03-16,0.0,6059.08544921875
RDP,2027-03-17,0.0,5335.13037109375
RDP,2027-03-18,0.0,5246.7177734375
RDP,2027-03-19,0.0,5185.91259765625
RDP,2027-03-20,0.0,4860.2802734375
RDP,2027-03-21,0.0,4821.33544921875
RDP,2027-03-22,0.0,5057.35888671875
RDP,2027-03-23,0.0,4848.0556640625
RDP,2027-03-24,0.0,4712.98583984375
RDP,2027-03-25,0.0,4635.333984375
RDP,2027-03-26,0.0,4243.576171875
RDP,2027-03-27,0.0,3802.6728515625
RDP,2027-03-28,0.0,3509.0068359375
RDP,2027-03-29,0.0,3132.179443359375
RDP,2027-03-30,0.0,3136.986572265625
RDP,2027-03-31,0.0,3091.947021484375
RDP,2027-04-01,0.0,3236.53369140625
RDP,2027-04-02,0.0,3634.4853515625
RDP,2027-04-03,0.0,4015.892822265625
RDP,2027-04-04,0.0,4146.54638671875
RDP,2027-04-05,0.0,4318.14990234375
RDP,2027-04-06,0.0,4245.484375
RDP,2027-04-07,0.0,3773.941650390625
RDP,2027-04-08,0.0,3610.265869140625
RDP,2027-04-09,0.0,3325.451171875
RDP,2027-04-10,0.0,3027.153076171875
RDP,2027-04-11,0.0,3489.265625
RDP,2027-04-12,0.0,3725.32373046875
RDP,2027-04-13,0.0,4800.6923828125
RDP,2027-04-14,0.0,5737.0791015625
RDP,2027-04-15,0.0,5825.07421875
RDP,2027-04-16,0.0,6084.47509765625
RDP,2027-04-17,0.0,6035.47314453125
RDP,2027-04-18,0.0,6158.01708984375
RDP,2027-04-19,0.0,5370.03564453125
RDP,2027-04-20,0.0,5768.3623046875
RDP,2027-04-21,0.0,6672.07470703125
RDP,2027-04-22,0.0,7640.64697265625
RDP,2027-04-23,0.0,7399.75390625
RDP,2027-04-24,0.0,7510.111328125
RDP,2027-04-25,0.0,7627.83349609375
RDP,2027-04-26,0.0,7727.5244140625
RDP,2027-04-27,0.0,8742.28125
RDP,2027-04-28,0.0,8288.5380859375
RDP,2027-04-29,0.0,8405.166015625
RDP,2027-04-30,0.0,8293.5712890625
RDP,2027-05-01,0.0,8360.8984375
RDP,2027-05-02,0.0,8193.8974609375
RDP,2027-05-03,0.0,8099.27587890625
RDP,2027-05-04,0.0,7862.4169921875
RDP,2027-05-05,0.0,7794.919921875
RDP,2027-05-06,0.0,7924.39111328125
RDP,2027-05-07,0.0,8860.212890625
RDP,2027-05-08,0.0,9594.771484375
RDP,2027-05-09,0.0,10047.4443359375
RDP,2027-05-10,0.0,9981.9482421875
RDP,2027-05-11,0.0,9957.3779296875
RDP,2027-05-12,0.0,9874.392578125
RDP,2027-05-13,0.0,9637.0947265625
RDP,2027-05-14,0.0,9704.962890625
RDP,2027-05-15,0.0,9688.09765625
RDP,2027-05-16,0.0,9577.7060546875
RDP,2027-05-17,0.0,9925.50390625
RDP,2027-05-18,0.0,10562.5302734375
RDP,2027-05-19,0.0,10099.9951171875
RDP,2027-05-20,0.0,10196.3125
RDP,2027-05-21,0.0,10014.6337890625
RDP,2027-05-22,0.0,10490.244140625
RDP,2027-05-23,0.0,10128.443359375
RDP,2027-05-24,0.0,9762.2587890625
RDP,2027-05-25,0.0,10002.15625
RDP,2027-05-26,0.0,9463.53515625
RDP,2027-05-27,0.0,9221.8203125
RDP,2027-05-28,0.0,9394.15234375
RDP,2027-05-29,0.0,9967.2255859375
RDP,2027-05-30,0.0,9916.265625
RDP,2027-05-31,0.0,9934.9638671875
RDP,2027-06-01,0.0,9720.4130859375
RDP,2027-06-02,0.0,9435.9892578125
RDP,2027-06-03,0.0,9535.71875
RDP,2027-06-04,0.0,9654.92578125
RDP,2027-06-05,0.0,9388.5390625
RDP,2027-06-06,0.0,9490.5546875
RDP,2027-06-07,0.0,9102.0888671875
RDP,2027-06-08,0.0,8102.04150390625
RDP,2027-06-09,0.0,7618.01171875
RDP,2027-06-10,0.0,7053.533203125
RDP,2027-06-11,0.0,7182.02978515625
RDP,2027-06-12,0.0,7435.4453125
RDP,2027-06-13,0.0,7397.07275390625
RDP,2027-06-14,0.0,7051.9501953125
RDP,2027-06-15,0.0,6571.0078125
RDP,2027-06-16,0.0,6192.57568359375
RDP,2027-06-17,0.0,5137.03564453125
RDP,2027-06-18,0.0,5081.1142578125
RDP,2027-06-19,0.0,5016.99462890625
RDP,2027-06-20,0.0,4955.6279296875
RDP,2027-06-21,0.0,4853.26513671875
RDP,2027-06-22,0.0,4780.99560546875
RDP,2027-06-23,0.0,4733.40478515625
RDP,2027-06-24,0.0,4676.890625
RDP,2027-06-25,0.0,3993.562744140625
RDP,2027-06-26,0.0,3916.1318359375
RDP,2027-06-27,0.0,3905.9619140625
RDP,2027-06-28,0.0,3542.678466796875
RDP,2027-06-29,0.0,3025.419189453125
RDP,2027-06-30,0.0,3341.068115234375
RDP,2027-07-01,0.0,3468.6904296875
RDP,2027-07-02,0.0,3224.4658203125
RDP,2027-07-03,0.0,3814.7783203125
RDP,2027-07-04,0.0,3492.981201171875
RDP,2027-07-05,0.0,2642.094482421875
RDP,2027-07-06,0.0,2718.3603515625
RDP,2027-07-07,0.0,2926.90087890625
RDP,2027-07-08,0.0,2883.26513671875
RDP,2027-07-09,0.0,2718.97705078125
RDP,2027-07-10,0.0,2618.9423828125
RDP,2027-07-11,0.0,2640.062255859375
RDP,2027-07-12,0.0,2701.971435546875
RDP,2027-07-13,0.0,2675.031982421875
RDP,2027-07-14,0.0,2699.249267578125
RDP,2027-07-15,0.0,2714.326171875
RDP,2027-07-16,0.0,2709.25390625
RDP,2027-07-17,0.0,2719.3369140625
RDP,2027-07-18,0.0,2755.441650390625
RDP,2027-07-19,0.0,2754.094970703125
RDP,2027-07-20,0.0,2738.712158203125
RDP,2027-07-21,0.0,2663.039306640625
RDP,2027-07-22,0.0,2666.100341796875
RDP,2027-07-23,0.0,2625.665283203125
RDP,2027-07-24,0.0,2625.665283203125
RDP,2027-07-25,0.0,2575.635986328125
RDP,2027-07-26,0.0,2560.728515625
RDP,2027-07-27,0.0,2780.77880859375
RDP,2027-07-28,0.0,2832.0283203125
RDP,2027-07-29,0.0,2820.397216796875
RDP,2027-07-30,0.0,2595.038818359375
RDP,2027-07-31,0.0,2767.875244140625
RDP,2027-08-01,0.0,2807.314697265625
RDP,2027-08-02,0.0,2768.886474609375
RDP,2027-08-03,0.0,2659.865478515625
RDP,2027-08-04,0.0,2634.09423828125
RDP,2027-08-05,0.0,2640.919921875
RDP,2027-08-06,0.0,2750.15625
RDP,2027-08-07,0.0,2806.004638671875
RDP,2027-08-08,0.0,2735.57861328125
RDP,2027-08-09,0.0,3216.245361328125
RDP,2027-08-10,0.0,3438.066162109375
RDP,2027-08-11,0.0,3224.331787109375
RDP,2027-08-12,0.0,3336.933837890625
RDP,2027-08-13,0.0,3324.689208984375
RDP,2027-08-14,0.0,3092.074462890625
RDP,2027-08-15,0.0,3335.748046875
RDP,2027-08-16,0.0,3323.861572265625
RDP,2027-08-17,0.0,2876.479736328125
RDP,2027-08-18,0.0,2753.707275390625
RDP,2027-08-19,0.0,2834.19921875
RDP,2027-08-20,0.0,2888.248046875
RDP,2027-08-21,0.0,2842.339111328125
RDP,2027-08-22,0.0,2973.88671875
RDP,2027-08-23,0.0,2922.9599609375
RDP,2027-08-24,0.0,3116.2041015625
RDP,2027-08-25,0.0,3261.485595703125
RDP,2027-08-26,0.0,3033.81103515625
RDP,2027-08-27,0.0,2648.8544921875
RDP,2027-08-28,0.0,2702.979736328125
RDP,2027-08-29,0.0,2909.16064453125
RDP,2027-08-30,0.0,2934.749267578125
RDP,2027-08-31,0.0,2931.267822265625
RDP,2027-09-01,0.0,2826.867431640625
RDP,2027-09-02,0.0,2920.48681640625
RDP,2027-09-03,0.0,2943.0107421875
RDP,2027-09-04,0.0,2924.302001953125
RDP,2027-09-05,0.0,2885.38623046875
RDP,2027-09-06,0.0,2840.023681640625
RDP,2027-09-07,0.0,2808.30126953125
RDP,2027-09-08,0.0,2771.482421875
RDP,2027-09-09,0.0,2790.169677734375
RDP,2027-09-10,0.0,2808.38330078125
RDP,2027-09-11,0.0,2823.058837890625
RDP,2027-09-12,0.0,2828.315673828125
RDP,2027-09-13,0.0,2873.231201171875
RDP,2027-09-14,0.0,2852.078857421875
RDP,2027-09-15,0.0,2885.170166015625
RDP,2027-09-16,0.0,2853.884033203125
RDP,2027-09-17,0.0,2823.560302734375
RDP,2027-09-18,0.0,2803.258056640625
RDP,2027-09-19,0.0,2777.85498046875
RDP,2027-09-20,0.0,2747.17236328125
UDW,2026-09-02,0.0,390.2276916503906
UDW,2026-09-03,0.0,644.668212890625
UDW,2026-09-04,0.0,1320.0633544921875
UDW,2026-09-05,0.0,1316.4361572265625
UDW,2026-09-06,0.0,1394.798095703125
UDW,2026-09-07,0.0,1343.227783203125
UDW,2026-09-08,0.0,1222.5408935546875
UDW,2026-09-09,0.0,1229.77587890625
UDW,2026-09-10,0.0,1216.122802734375
UDW,2026-09-11,0.0,1485.61474609375
UDW,2026-09-12,0.0,1296.267333984375
UDW,2026-09-13,0.0,1511.7889404296875
UDW,2026-09-14,0.0,1509.83544921875
UDW,2026-09-15,0.0,1448.5826416015625
UDW,2026-09-16,0.0,1443.1614990234375
UDW,2026-09-17,0.0,1333.541259765625
UDW,2026-09-18,0.0,1574.66943359375
UDW,2026-09-19,0.0,1678.2166748046875
UDW,2026-09-20,0.0,1726.0833740234375
UDW,2026-09-21,0.0,1899.1435546875
UDW,2026-09-22,0.0,2172.2802734375
UDW,2026-09-23,0.0,2443.43896484375
UDW,2026-09-24,0.0,2332.411865234375
UDW,2026-09-25,0.0,2183.90087890625
UDW,2026-09-26,0.0,2317.38818359375
UDW,2026-09-27,0.0,2316.6337890625
UDW,2026-09-28,0.0,2432.603515625
UDW,2026-09-29,0.0,2414.163818359375
UDW,2026-09-30,0.0,2357.5283203125
UDW,2026-10-01,2.6,2615.161865234375
UDW,2026-10-02,2.6,4029.56396484375
UDW,2026-10-03,2.6,6767.546875
UDW,2026-10-04,2.6,7749.19677734375
UDW,2026-10-05,2.6,7623.04345703125
UDW,2026-10-06,2.6,7968.78515625
UDW,2026-10-07,2.6,8153.62939453125
UDW,2026-10-08,2.6,9048.509765625
UDW,2026-10-09,2.6,8753.5888671875
UDW,2026-10-10,2.6,8865.0166015625
UDW,2026-10-11,2.6,8539.27734375
UDW,2026-10-12,2.6,8340.607421875
UDW,2026-10-13,2.6,8883.5517578125
UDW,2026-10-14,2.6,9291.150390625
UDW,2026-10-15,2.6,9753.2119140625
UDW,2026-10-16,2.6,10337.24609375
UDW,2026-10-17,2.6,10727.6103515625
UDW,2026-10-18,2.6,10590.1982421875
UDW,2026-10-19,2.6,10666.6123046875
UDW,2026-10-20,2.6,10654.3935546875
UDW,2026-10-21,2.6,10195.29296875
UDW,2026-10-22,2.6,10863.931640625
UDW,2026-10-23,2.6,10852.306640625
UDW,2026-10-24,2.6,10558.87890625
UDW,2026-10-25,2.6,10936.3349609375
UDW,2026-10-26,2.6,11376.265625
UDW,2026-10-27,2.6,11655.5322265625
UDW,2026-10-28,2.6,11437.18359375
UDW,2026-10-29,2.6,11700.87890625
UDW,2026-10-30,2.6,11967.5380859375
UDW,2026-10-31,2.6,12665.9384765625
UDW,2026-11-01,8.0,12994.0615234375
UDW,2026-11-02,8.0,14952.6748046875
UDW,2026-11-03,8.0,15765.3349609375
UDW,2026-11-04,8.0,16131.7783203125
UDW,2026-11-05,8.0,16585.7890625
UDW,2026-11-06,8.0,16067.2666015625
UDW,2026-11-07,8.0,15990.9931640625
UDW,2026-11-08,8.0,16021.4365234375
UDW,2026-11-09,8.0,15881.5478515625
UDW,2026-11-10,8.0,16253.734375
UDW,2026-11-11,8.0,16407.791015625
UDW,2026-11-12,8.0,15906.7529296875
UDW,2026-11-13,8.0,16184.3740234375
UDW,2026-11-14,8.0,16374.04296875
UDW,2026-11-15,8.0,16818.646484375
UDW,2026-11-16,8.0,16895.80078125
UDW,2026-11-17,8.0,17351.27734375
UDW,2026-11-18,8.0,17296.060546875
UDW,2026-11-19,8.0,17366.9375
UDW,2026-11-20,8.0,16982.935546875
UDW,2026-11-21,8.0,17079.958984375
UDW,2026-11-22,8.0,16813.978515625
UDW,2026-11-23,8.0,16845.375
UDW,2026-11-24,8.0,16856.533203125
UDW,2026-11-25,8.0,17125.748046875
UDW,2026-11-26,8.0,17073.185546875
UDW,2026-11-27,8.0,17101.810546875
UDW,2026-11-28,8.0,17290.1640625
UDW,2026-11-29,8.0,17456.173828125
UDW,2026-11-30,8.0,17199.177734375
UDW,2026-12-01,1.2,16972.5546875
UDW,2026-12-02,1.2,15558.4677734375
UDW,2026-12-03,1.2,14176.1708984375
UDW,2026-12-04,1.2,13163.1708984375
UDW,2026-12-05,1.2,12619.3818359375
UDW,2026-12-06,1.2,12259.70703125
UDW,2026-12-07,1.2,12167.5341796875
UDW,2026-12-08,1.2,11811.4716796875
UDW,2026-12-09,1.2,11952.9794921875
UDW,2026-12-10,1.2,11405.03515625
UDW,2026-12-11,1.2,11289.099609375
UDW,2026-12-12,1.2,11291.666015625
UDW,2026-12-13,1.2,11223.9951171875
UDW,2026-12-14,1.2,11545.9150390625
UDW,2026-12-15,1.2,11737.49609375
UDW,2026-12-16,1.2,11619.9755859375
UDW,2026-12-17,1.2,11678.6416015625
UDW,2026-12-18,1.2,11739.2783203125
UDW,2026-12-19,1.2,11708.138671875
UDW,2026-12-20,1.2,11931.353515625
UDW,2026-12-21,1.2,11901.37109375
UDW,2026-12-22,1.2,11801.564453125
UDW,2026-12-23,1.2,11817.7373046875
UDW,2026-12-24,1.2,11941.4482421875
UDW,2026-12-25,1.2,12015.9462890625
UDW,2026-12-26,1.2,11928.2529296875
UDW,2026-12-27,1.2,11511.890625
UDW,2026-12-28,1.2,12031.8759765625
UDW,2026-12-29,1.2,12003.478515625
UDW,2026-12-30,1.2,11835.0390625
UDW,2026-12-31,1.2,11869.017578125
UDW,2027-01-01,0.0,11906.3017578125
UDW,2027-01-02,0.0,11203.484375
UDW,2027-01-03,0.0,11178.4697265625
UDW,2027-01-04,0.0,9708.279296875
UDW,2027-01-05,0.0,8720.986328125
UDW,2027-01-06,0.0,7768.4619140625
UDW,2027-01-07,0.0,7182.52197265625
UDW,2027-01-08,0.0,7054.04345703125
UDW,2027-01-09,0.0,6587.4677734375
UDW,2027-01-10,0.0,6396.95849609375
UDW,2027-01-11,0.0,6070.83056640625
UDW,2027-01-12,0.0,5776.0927734375
UDW,2027-01-13,0.0,5912.35546875
UDW,2027-01-14,0.0,6107.619140625
UDW,2027-01-15,0.0,5697.64892578125
UDW,2027-01-16,0.0,5498.51171875
UDW,2027-01-17,0.0,5467.63623046875
UDW,2027-01-18,0.0,5039.779296875
UDW,2027-01-19,0.0,5150.2919921875
UDW,2027-01-20,0.0,5038.1044921875
UDW,2027-01-21,0.0,4912.22412109375
UDW,2027-01-22,0.0,4690.423828125
UDW,2027-01-23,0.0,4802.37841796875
UDW,2027-01-24,0.0,4809.34716796875
UDW,2027-01-25,0.0,5013.4755859375
UDW,2027-01-26,0.0,4890.78125
UDW,2027-01-27,0.0,5032.71826171875
UDW,2027-01-28,0.0,4984.78369140625
UDW,2027-01-29,0.0,5270.38134765625
UDW,2027-01-30,0.0,5652.7705078125
UDW,2027-01-31,0.0,5703.17236328125
UDW,2027-02-01,0.0,6034.3974609375
UDW,2027-02-02,0.0,5872.017578125
UDW,2027-02-03,0.0,5784.83447265625
UDW,2027-02-04,0.0,5841.54443359375
UDW,2027-02-05,0.0,5782.8076171875
UDW,2027-02-06,0.0,5819.27783203125
UDW,2027-02-07,0.0,6300.875
UDW,2027-02-08,0.0,6602.30859375
UDW,2027-02-09,0.0,6648.4501953125
UDW,2027-02-10,0.0,5645.76025390625
UDW,2027-02-11,0.0,5318.67333984375
UDW,2027-02-12,0.0,5462.423828125
UDW,2027-02-13,0.0,5401.0810546875
UDW,2027-02-14,0.0,5303.962890625
UDW,2027-02-15,0.0,5014.244140625
UDW,2027-02-16,0.0,4706.7958984375
UDW,2027-02-17,0.0,4702.18896484375
UDW,2027-02-18,0.0,4751.7021484375
UDW,2027-02-19,0.0,4747.875
UDW,2027-02-20,0.0,4786.26904296875
UDW,2027-02-21,0.0,4837.88671875
UDW,2027-02-22,0.0,5051.81396484375
UDW,2027-02-23,0.0,5367.80810546875
UDW,2027-02-24,0.0,5439.0048828125
UDW,2027-02-25,0.0,5447.16455078125
UDW,2027-02-26,0.0,5442.22802734375
UDW,2027-02-27,0.0,5482.09912109375
UDW,2027-02-28,0.0,5437.38134765625
UDW,2027-03-01,0.0,5160.46142578125
UDW,2027-03-02,0.0,5255.90087890625
UDW,2027-03-03,0.0,5339.72802734375
UDW,2027-03-04,0.0,5282.8759765625
UDW,2027-03-05,0.0,5084.923828125
UDW,2027-03-06,0.0,4797.4248046875
UDW,2027-03-07,0.0,4512.431640625
UDW,2027-03-08,0.0,4073.58642578125
UDW,2027-03-09,0.0,3773.605224609375
UDW,2027-03-10,0.0,3671.798095703125
UDW,2027-03-11,0.0,3787.89453125
UDW,2027-03-12,0.0,3723.361083984375
UDW,2027-03-13,0.0,3920.993408203125
UDW,2027-03-14,0.0,3645.449951171875
UDW,2027-03-15,0.0,3886.462890625
UDW,2027-03-16,0.0,3920.865478515625
UDW,2027-03-17,0.0,3697.12060546875
UDW,2027-03-18,0.0,3710.396240234375
UDW,2027-03-19,0.0,3699.73583984375
UDW,2027-03-20,0.0,3698.471923828125
UDW,2027-03-21,0.0,3698.99169921875
UDW,2027-03-22,0.0,3500.45068359375
UDW,2027-03-23,0.0,3150.896728515625
UDW,2027-03-24,0.0,3242.40869140625
UDW,2027-03-25,0.0,3261.447265625
UDW,2027-03-26,0.0,3025.696044921875
UDW,2027-03-27,0.0,2132.278076171875
UDW,2027-03-28,0.0,2477.56787109375
UDW,2027-03-29,0.0,2376.142822265625
UDW,2027-03-30,0.0,3056.404296875
UDW,2027-03-31,0.0,2397.23486328125
UDW,2027-04-01,0.0,2396.041259765625
UDW,2027-04-02,0.0,2387.53466796875
UDW,2027-04-03,0.0,2254.768798828125
UDW,2027-04-04,0.0,2181.794677734375
UDW,2027-04-05,0.0,1926.5955810546875
UDW,2027-04-06,0.0,1941.9793701171875
UDW,2027-04-07,0.0,1594.1680908203125
UDW,2027-04-08,0.0,1309.1685791015625
UDW,2027-04-09,0.0,1197.35205078125
UDW,2027-04-10,0.0,1021.11767578125
UDW,2027-04-11,0.0,1483.178955078125
UDW,2027-04-12,0.0,1774.5316162109375
UDW,2027-04-13,0.0,2073.56103515625
UDW,2027-04-14,0.0,2375.52001953125
UDW,2027-04-15,0.0,2777.281494140625
UDW,2027-04-16,0.0,2712.306396484375
UDW,2027-04-17,0.0,2550.982177734375
UDW,2027-04-18,0.0,2758.6494140625
UDW,2027-04-19,0.0,2457.310791015625
UDW,2027-04-20,0.0,2597.19140625
UDW,2027-04-21,0.0,2689.23193359375
UDW,2027-04-22,0.0,2872.095703125
UDW,2027-04-23,0.0,2888.314208984375
UDW,2027-04-24,0.0,2808.887939453125
UDW,2027-04-25,0.0,2754.478515625
UDW,2027-04-26,0.0,2341.189453125
UDW,2027-04-27,0.0,2493.533203125
UDW,2027-04-28,0.0,2668.5009765625
UDW,2027-04-29,0.0,2931.467529296875
UDW,2027-04-30,0.0,2923.309326171875
UDW,2027-05-01,0.0,2903.048583984375
UDW,2027-05-02,0.0,2915.691162109375
UDW,2027-05-03,0.0,2731.127197265625
UDW,2027-05-04,0.0,2423.54931640625
UDW,2027-05-05,0.0,2628.74609375
UDW,2027-05-06,0.0,2780.549560546875
UDW,2027-05-07,0.0,2478.790283203125
UDW,2027-05-08,0.0,2770.12451171875
UDW,2027-05-09,0.0,2563.261474609375
UDW,2027-05-10,0.0,2942.239501953125
UDW,2027-05-11,0.0,3083.173828125
UDW,2027-05-12,0.0,3048.434814453125
UDW,2027-05-13,0.0,3004.46044921875
UDW,2027-05-14,0.0,2950.126708984375
UDW,2027-05-15,0.0,2840.468994140625
UDW,2027-05-16,0.0,2667.12353515625
UDW,2027-05-17,0.0,2795.305908203125
UDW,2027-05-18,0.0,2611.140625
UDW,2027-05-19,0.0,2724.37353515625
UDW,2027-05-20,0.0,2649.683837890625
UDW,2027-05-21,0.0,2812.42041015625
UDW,2027-05-22,0.0,2954.30517578125
UDW,2027-05-23,0.0,2794.597412109375
UDW,2027-05-24,0.0,2695.961669921875
UDW,2027-05-25,0.0,2583.622802734375
UDW,2027-05-26,0.0,2700.550537109375
UDW,2027-05-27,0.0,2474.12841796875
UDW,2027-05-28,0.0,2662.928955078125
UDW,2027-05-29,0.0,2628.73193359375
UDW,2027-05-30,0.0,2840.889404296875
UDW,2027-05-31,0.0,2882.984619140625
UDW,2027-06-01,0.0,2575.623291015625
UDW,2027-06-02,0.0,2580.60498046875
UDW,2027-06-03,0.0,2611.236083984375
UDW,2027-06-04,0.0,2511.35107421875
UDW,2027-06-05,0.0,2824.876708984375
UDW,2027-06-06,0.0,2712.184814453125
UDW,2027-06-07,0.0,2502.3505859375
UDW,2027-06-08,0.0,2732.311767578125
UDW,2027-06-09,0.0,2554.074951171875
UDW,2027-06-10,0.0,2830.983642578125
UDW,2027-06-11,0.0,2564.715087890625
UDW,2027-06-12,0.0,2576.649658203125
UDW,2027-06-13,0.0,3434.006103515625
UDW,2027-06-14,0.0,3771.820068359375
UDW,2027-06-15,0.0,3953.91845703125
UDW,2027-06-16,0.0,3228.946044921875
UDW,2027-06-17,0.0,3265.16650390625
UDW,2027-06-18,0.0,3267.409423828125
UDW,2027-06-19,0.0,3204.518798828125
UDW,2027-06-20,0.0,2916.586669921875
UDW,2027-06-21,0.0,2094.9619140625
UDW,2027-06-22,0.0,1800.203857421875
UDW,2027-06-23,0.0,1578.2030029296875
UDW,2027-06-24,0.0,1313.7750244140625
UDW,2027-06-25,0.0,1284.8343505859375
UDW,2027-06-26,0.0,1083.424072265625
UDW,2027-06-27,0.0,805.861083984375
UDW,2027-06-28,0.0,1196.0146484375
UDW,2027-06-29,0.0,1278.17578125
UDW,2027-06-30,0.0,1635.0565185546875
UDW,2027-07-01,0.0,1544.7744140625
UDW,2027-07-02,0.0,1399.4742431640625
UDW,2027-07-03,0.0,1817.9066162109375
UDW,2027-07-04,0.0,2527.62841796875
UDW,2027-07-05,0.0,2853.383544921875
UDW,2027-07-06,0.0,2776.470947265625
UDW,2027-07-07,0.0,2309.0087890625
UDW,2027-07-08,0.0,2357.236572265625
UDW,2027-07-09,0.0,2350.948486328125
UDW,2027-07-10,0.0,2362.964599609375
UDW,2027-07-11,0.0,2258.118408203125
UDW,2027-07-12,0.0,2306.595703125
UDW,2027-07-13,0.0,2269.8095703125
UDW,2027-07-14,0.0,2465.837890625
UDW,2027-07-15,0.0,2482.268310546875
UDW,2027-07-16,0.0,2644.875244140625
UDW,2027-07-17,0.0,2799.886474609375
UDW,2027-07-18,0.0,2845.428955078125
UDW,2027-07-19,0.0,2979.705810546875
UDW,2027-07-20,0.0,3155.975341796875
UDW,2027-07-21,0.0,3456.235595703125
UDW,2027-07-22,0.0,3339.02099609375
UDW,2027-07-23,0.0,3367.046630859375
UDW,2027-07-24,0.0,3474.1181640625
UDW,2027-07-25,0.0,3367.968994140625
UDW,2027-07-26,0.0,3359.67333984375
UDW,2027-07-27,0.0,3306.88818359375
UDW,2027-07-28,0.0,3235.554931640625
UDW,2027-07-29,0.0,3320.411376953125
UDW,2027-07-30,0.0,3420.442138671875
UDW,2027-07-31,0.0,3450.836669921875
UDW,2027-08-01,0.0,3421.190185546875
UDW,2027-08-02,0.0,3379.0234375
UDW,2027-08-03,0.0,3332.067138671875
UDW,2027-08-04,0.0,3288.74169921875
UDW,2027-08-05,0.0,3277.798583984375
UDW,2027-08-06,0.0,3145.289306640625
UDW,2027-08-07,0.0,3232.85205078125
UDW,2027-08-08,0.0,3224.00048828125
UDW,2027-08-09,0.0,3391.571533203125
UDW,2027-08-10,0.0,3411.4111328125
UDW,2027-08-11,0.0,3167.17578125
UDW,2027-08-12,0.0,3257.029296875
UDW,2027-08-13,0.0,3131.61474609375
UDW,2027-08-14,0.0,3300.029541015625
UDW,2027-08-15,0.0,3302.264404296875
UDW,2027-08-16,0.0,3174.34521484375
UDW,2027-08-17,0.0,3186.65380859375
UDW,2027-08-18,0.0,3183.61279296875
UDW,2027-08-19,0.0,3374.8505859375
UDW,2027-08-20,0.0,3214.185791015625
UDW,2027-08-21,0.0,3262.9755859375
UDW,2027-08-22,0.0,3263.030517578125
UDW,2027-08-23,0.0,3257.637451171875
UDW,2027-08-24,0.0,3254.032958984375
UDW,2027-08-25,0.0,3246.90185546875
UDW,2027-08-26,0.0,3342.192138671875
UDW,2027-08-27,0.0,3308.918701171875
UDW,2027-08-28,0.0,3289.142578125
UDW,2027-08-29,0.0,3436.947265625
UDW,2027-08-30,0.0,3345.19677734375
UDW,2027-08-31,0.0,3463.54443359375
UDW,2027-09-01,0.0,3188.88427734375
VBL,2025-12-26,0.0,71791.671875
VBL,2025-12-27,0.0,66318.2421875
VBL,2025-12-28,0.0,71775.3359375
VBL,2025-12-29,0.0,72163.0703125
VBL,2025-12-30,0.0,66099.2109375
VBL,2025-12-31,0.0,65777.3359375
VBL,2026-01-01,0.0,66019.890625
VBL,2026-01-02,0.0,69368.8203125
VBL,2026-01-03,0.0,68780.75
VBL,2026-01-04,0.0,70489.984375
VBL,2026-01-05,0.0,71050.328125
VBL,2026-01-06,0.0,70181.9453125
VBL,2026-01-07,0.0,65746.734375
VBL,2026-01-08,0.0,71261.40625
VBL,2026-01-09,0.0,73820.1328125
VBL,2026-01-10,0.0,72030.25
VBL,2026-01-11,0.0,73864.3828125
VBL,2026-01-12,0.0,72727.90625
VBL,2026-01-13,0.0,73969.421875
VBL,2026-01-14,0.0,71948.6953125
VBL,2026-01-15,0.0,73200.2421875
VBL,2026-01-16,0.0,71210.2734375
VBL,2026-01-17,0.0,71686.9453125
VBL,2026-01-18,0.0,71742.546875
VBL,2026-01-19,0.0,72860.453125
VBL,2026-01-20,0.0,71627.90625
VBL,2026-01-21,0.0,73383.3515625
VBL,2026-01-22,0.0,73489.1171875
VBL,2026-01-23,0.0,72824.6953125
VBL,2026-01-24,0.0,72815.734375
VBL,2026-01-25,0.0,71743.1171875
VBL,2026-01-26,0.0,70040.3515625
VBL,2026-01-27,0.0,73275.4375
VBL,2026-01-28,0.0,73536.7734375
VBL,2026-01-29,0.0,72198.3828125
VBL,2026-01-30,0.0,69022.03125
VBL,2026-01-31,0.0,66693.546875
VBL,2026-02-01,0.0,67262.859375
VBL,2026-02-02,0.0,68841.0078125
VBL,2026-02-03,0.0,72358.84375
VBL,2026-02-04,0.0,69214.0859375
VBL,2026-02-05,0.0,68158.171875
VBL,2026-02-06,0.0,70239.9140625
VBL,2026-02-07,0.0,66005.84375
VBL,2026-02-08,0.0,68804.1796875
VBL,2026-02-09,0.0,72216.8203125
VBL,2026-02-10,0.0,73620.8125
VBL,2026-02-11,0.0,71094.8359375
VBL,2026-02-12,0.0,74045.1875
VBL,2026-02-13,0.0,73013.8125
VBL,2026-02-14,0.0,73628.953125
VBL,2026-02-15,0.0,73117.5390625
VBL,2026-02-16,0.0,71682.09375
VBL,2026-02-17,0.0,71031.21875
VBL,2026-02-18,0.0,69260.609375
VBL,2026-02-19,0.0,71168.6484375
VBL,2026-02-20,0.0,71902.0
VBL,2026-02-21,0.0,72189.6328125
VBL,2026-02-22,0.0,73660.0546875
VBL,2026-02-23,0.0,72434.9921875
VBL,2026-02-24,0.0,75134.7109375
VBL,2026-02-25,0.0,71735.796875
VBL,2026-02-26,0.0,73567.5546875
VBL,2026-02-27,0.0,73720.3359375
VBL,2026-02-28,0.0,73652.8515625
VBL,2026-03-01,0.0,73944.2421875
VBL,2026-03-02,0.0,70430.7109375
VBL,2026-03-03,0.0,60303.90625
VBL,2026-03-04,0.0,66772.1328125
VBL,2026-03-05,0.0,72431.2421875
VBL,2026-03-06,0.0,74777.921875
VBL,2026-03-07,0.0,69082.46875
VBL,2026-03-08,0.0,72958.6953125
VBL,2026-03-09,0.0,64551.7109375
VBL,2026-03-10,0.0,66954.3046875
VBL,2026-03-11,0.0,69723.3203125
VBL,2026-03-12,0.0,65897.625
VBL,2026-03-13,0.0,68685.7265625
VBL,2026-03-14,0.0,73427.4296875
VBL,2026-03-15,0.0,71461.0546875
VBL,2026-03-16,0.0,72531.9609375
VBL,2026-03-17,0.0,73058.0546875
VBL,2026-03-18,0.0,70139.78125
VBL,2026-03-19,0.0,65745.921875
VBL,2026-03-20,0.0,67880.140625
VBL,2026-03-21,0.0,67757.4453125
VBL,2026-03-22,0.0,69564.390625
VBL,2026-03-23,0.0,65378.49609375
VBL,2026-03-24,0.0,66312.5078125
VBL,2026-03-25,0.0,65344.11328125
VBL,2026-03-26,0.0,65248.609375
VBL,2026-03-27,0.0,64897.59765625
VBL,2026-03-28,0.0,66696.171875
VBL,2026-03-29,0.0,63632.03515625
VBL,2026-03-30,0.0,59208.12109375
VBL,2026-03-31,0.0,53239.72265625
VBL,2026-04-01,0.0,49750.93359375
VBL,2026-04-02,0.0,47297.3984375
VBL,2026-04-03,0.0,42665.26171875
VBL,2026-04-04,0.0,53263.76953125
VBL,2026-04-05,0.0,55073.69921875
VBL,2026-04-06,0.0,55110.2578125
VBL,2026-04-07,0.0,55717.37109375
VBL,2026-04-08,0.0,53262.61328125
VBL,2026-04-09,0.0,53465.38671875
VBL,2026-04-10,0.0,55580.24609375
VBL,2026-04-11,0.0,53704.08984375
VBL,2026-04-12,0.0,52677.546875
VBL,2026-04-13,0.0,55572.328125
VBL,2026-04-14,0.0,55347.71484375
VBL,2026-04-15,0.0,55566.0390625
VBL,2026-04-16,0.0,56678.23046875
VBL,2026-04-17,0.0,64679.51171875
VBL,2026-04-18,0.0,60766.984375
VBL,2026-04-19,0.0,59283.36328125
VBL,2026-04-20,0.0,65510.07421875
VBL,2026-04-21,0.0,69268.6328125
VBL,2026-04-22,0.0,67794.125
VBL,2026-04-23,0.0,67528.125
VBL,2026-04-24,0.0,68216.3359375
VBL,2026-04-25,0.0,68217.515625
VBL,2026-04-26,0.0,67847.9140625
VBL,2026-04-27,0.0,68410.5
VBL,2026-04-28,0.0,69009.3828125
VBL,2026-04-29,0.0,69044.9453125
VBL,2026-04-30,0.0,68933.4921875
VBL,2026-05-01,0.0,69502.6875
VBL,2026-05-02,0.0,69548.6953125
VBL,2026-05-03,0.0,68523.171875
VBL,2026-05-04,0.0,69773.359375
VBL,2026-05-05,0.0,69585.0078125
VBL,2026-05-06,0.0,69766.6328125
VBL,2026-05-07,0.0,70042.0
VBL,2026-05-08,0.0,69518.1328125
VBL,2026-05-09,0.0,69778.96875
VBL,2026-05-10,0.0,69457.109375
VBL,2026-05-11,0.0,69370.171875
VBL,2026-05-12,0.0,67592.2578125
VBL,2026-05-13,0.0,67668.203125
VBL,2026-05-14,0.0,67535.5234375
VBL,2026-05-15,0.0,68490.53125
VBL,2026-05-16,0.0,68619.296875
VBL,2026-05-17,0.0,69904.875
VBL,2026-05-18,0.0,69295.9921875
VBL,2026-05-19,0.0,70425.03125
VBL,2026-05-20,0.0,66522.3203125
VBL,2026-05-21,0.0,72077.1875
VBL,2026-05-22,0.0,70139.546875
VBL,2026-05-23,0.0,70570.1875
VBL,2026-05-24,0.0,70574.5078125
VBL,2026-05-25,0.0,70247.6015625
VBL,2026-05-26,0.0,66150.5859375
VBL,2026-05-27,0.0,68560.375
VBL,2026-05-28,0.0,72599.3046875
VBL,2026-05-29,0.0,72902.328125
VBL,2026-05-30,0.0,70667.5625
VBL,2026-05-31,0.0,72652.140625
VBL,2026-06-01,0.0,71802.5234375
VBL,2026-06-02,0.0,67649.8046875
VBL,2026-06-03,0.0,72916.9296875
VBL,2026-06-04,0.0,74262.4453125
VBL,2026-06-05,0.0,70255.328125
VBL,2026-06-06,0.0,69276.6484375
VBL,2026-06-07,0.0,73262.9453125
VBL,2026-06-08,0.0,73474.1875
VBL,2026-06-09,0.0,73900.3046875
VBL,2026-06-10,0.0,65965.4609375
VBL,2026-06-11,0.0,72878.8671875
VBL,2026-06-12,0.0,71734.53125
VBL,2026-06-13,0.0,71044.59375
VBL,2026-06-14,0.0,72541.34375
VBL,2026-06-15,0.0,72033.6171875
VBL,2026-06-16,0.0,74082.984375
VBL,2026-06-17,0.0,73606.3046875
VBL,2026-06-18,0.0,70149.8671875
VBL,2026-06-19,0.0,72075.09375
VBL,2026-06-20,0.0,74488.296875
VBL,2026-06-21,0.0,68604.0703125
VBL,2026-06-22,0.0,71776.75
VBL,2026-06-23,0.0,73790.4453125
VBL,2026-06-24,0.0,71598.9765625
VBL,2026-06-25,0.0,71560.140625
VBL,2026-06-26,0.0,70298.2109375
VBL,2026-06-27,0.0,64265.7890625
VBL,2026-06-28,0.0,68942.125
VBL,2026-06-29,0.0,71294.03125
VBL,2026-06-30,0.0,74420.2734375
VBL,2026-07-01,0.0,69512.1484375
VBL,2026-07-02,0.0,68184.875
VBL,2026-07-03,0.0,71383.953125
VBL,2026-07-04,0.0,72245.9140625
VBL,2026-07-05,0.0,74680.9140625
VBL,2026-07-06,0.0,70309.4453125
VBL,2026-07-07,0.0,68790.625
VBL,2026-07-08,0.0,71503.796875
VBL,2026-07-09,0.0,74535.5
VBL,2026-07-10,0.0,71881.8125
VBL,2026-07-11,0.0,72926.6171875
VBL,2026-07-12,0.0,67309.5546875
VBL,2026-07-13,0.0,72706.875
VBL,2026-07-14,0.0,71909.8359375
VBL,2026-07-15,0.0,73646.078125
VBL,2026-07-16,0.0,73100.7890625
VBL,2026-07-17,0.0,71242.703125
VBL,2026-07-18,0.0,72119.9921875
VBL,2026-07-19,0.0,71623.546875
VBL,2026-07-20,0.0,72365.9765625
VBL,2026-07-21,0.0,71229.9453125
VBL,2026-07-22,0.0,74536.9375
VBL,2026-07-23,0.0,71639.5859375
VBL,2026-07-24,0.0,72653.6015625
VBL,2026-07-25,0.0,71726.46875
VBL,2026-07-26,0.0,72006.8671875
VBL,2026-07-27,0.0,71737.40625
VBL,2026-07-28,0.0,70659.8125
VBL,2026-07-29,0.0,69740.7890625
VBL,2026-07-30,0.0,70179.234375
VBL,2026-07-31,0.0,67919.0625
VBL,2026-08-01,0.0,67293.6640625
VBL,2026-08-02,0.0,70043.875
VBL,2026-08-03,0.0,70041.2734375
VBL,2026-08-04,0.0,70349.875
VBL,2026-08-05,0.0,68759.6015625
VBL,2026-08-06,0.0,70668.34375
VBL,2026-08-07,0.0,75328.3828125
VBL,2026-08-08,0.0,69747.578125
VBL,2026-08-09,0.0,74133.4921875
VBL,2026-08-10,0.0,75686.1953125
VBL,2026-08-11,0.0,68046.0234375
VBL,2026-08-12,0.0,71946.203125
VBL,2026-08-13,0.0,72693.890625
VBL,2026-08-14,0.0,65377.12109375
VBL,2026-08-15,0.0,73384.8828125
VBL,2026-08-16,0.0,74056.7578125
VBL,2026-08-17,0.0,71660.625
VBL,2026-08-18,0.0,74562.8125
VBL,2026-08-19,0.0,73346.1796875
VBL,2026-08-20,0.0,73599.6875
VBL,2026-08-21,0.0,68294.5234375
VBL,2026-08-22,0.0,73125.9296875
VBL,2026-08-23,0.0,73164.515625
VBL,2026-08-24,0.0,69335.90625
VBL,2026-08-25,0.0,74306.8828125
VBL,2026-08-26,0.0,75383.75
VBL,2026-08-27,0.0,67807.8046875
VBL,2026-08-28,0.0,73689.734375
VBL,2026-08-29,0.0,67718.4140625
VBL,2026-08-30,0.0,71092.484375
VBL,2026-08-31,0.0,72227.8515625
VBL,2026-09-01,0.0,71600.3203125
VBL,2026-09-02,0.0,59023.82421875
VBL,2026-09-03,0.0,73638.84375
VBL,2026-09-04,0.0,68959.8984375
VBL,2026-09-05,0.0,70603.9140625
VBL,2026-09-06,0.0,70755.8125
VBL,2026-09-07,0.0,73930.8203125
VBL,2026-09-08,0.0,69183.3671875
VBL,2026-09-09,0.0,71385.828125
VBL,2026-09-10,0.0,72927.75
VBL,2026-09-11,0.0,74886.4296875
VBL,2026-09-12,0.0,70915.0234375
VBL,2026-09-13,0.0,73229.8359375
VBL,2026-09-14,0.0,66838.9296875
VBL,2026-09-15,0.0,68341.8671875
VBL,2026-09-16,0.0,74269.4140625
VBL,2026-09-17,0.0,71359.46875
VBL,2026-09-18,0.0,67625.8515625
VBL,2026-09-19,0.0,71392.6328125
VBL,2026-09-20,0.0,70289.7734375
VBL,2026-09-21,0.0,68429.40625
VBL,2026-09-22,0.0,72548.0703125
VBL,2026-09-23,0.0,73017.25
VBL,2026-09-24,0.0,72261.59375
VBL,2026-09-25,0.0,70068.5
VBL,2026-09-26,0.0,70341.609375
VBL,2026-09-27,0.0,67394.3515625
VBL,2026-09-28,0.0,69298.140625
VBL,2026-09-29,0.0,70204.5078125
VBL,2026-09-30,0.0,64345.29296875
VBL,2026-10-01,0.0,67071.0
VBL,2026-10-02,0.0,64636.36328125
VBL,2026-10-03,0.0,69321.6015625
VBL,2026-10-04,0.0,68640.484375
VBL,2026-10-05,0.0,71272.0078125
VBL,2026-10-06,0.0,71892.109375
VBL,2026-10-07,0.0,71844.484375
VBL,2026-10-08,0.0,72424.734375
VBL,2026-10-09,0.0,71554.046875
VBL,2026-10-10,0.0,72659.546875
VBL,2026-10-11,0.0,73197.4453125
VBL,2026-10-12,0.0,72822.1484375
VBL,2026-10-13,0.0,72789.859375
VBL,2026-10-14,0.0,70016.15625
VBL,2026-10-15,0.0,71214.0078125
VBL,2026-10-16,0.0,72812.1640625
VBL,2026-10-17,0.0,73967.0
VBL,2026-10-18,0.0,70924.59375
VBL,2026-10-19,0.0,73181.046875
VBL,2026-10-20,0.0,73517.1015625
VBL,2026-10-21,0.0,70032.4453125
VBL,2026-10-22,0.0,70604.28125
VBL,2026-10-23,0.0,73441.25
VBL,2026-10-24,0.0,73090.2578125
VBL,2026-10-25,0.0,72761.828125
VBL,2026-10-26,0.0,73364.1015625
VBL,2026-10-27,0.0,70980.015625
VBL,2026-10-28,0.0,73248.3515625
VBL,2026-10-29,0.0,71522.21875
VBL,2026-10-30,0.0,71470.1015625
VBL,2026-10-31,0.0,71979.328125
VBL,2026-11-01,0.0,70403.421875
VBL,2026-11-02,0.0,58162.421875
VBL,2026-11-03,0.0,64022.453125
VBL,2026-11-04,0.0,70975.6875
VBL,2026-11-05,0.0,71011.734375
VBL,2026-11-06,0.0,69957.6015625
VBL,2026-11-07,0.0,72270.0546875
VBL,2026-11-08,0.0,73310.640625
VBL,2026-11-09,0.0,69588.6484375
VBL,2026-11-10,0.0,71391.6953125
VBL,2026-11-11,0.0,73497.9140625
VBL,2026-11-12,0.0,73421.1015625
VBL,2026-11-13,0.0,73153.8046875
VBL,2026-11-14,0.0,72341.0390625
VBL,2026-11-15,0.0,71143.40625
VBL,2026-11-16,0.0,71169.1328125
VBL,2026-11-17,0.0,72977.8515625
VBL,2026-11-18,0.0,70724.9609375
VBL,2026-11-19,0.0,72560.0546875
VBL,2026-11-20,0.0,73626.65625
VBL,2026-11-21,0.0,73963.28125
VBL,2026-11-22,0.0,68205.1640625
VBL,2026-11-23,0.0,73044.7265625
VBL,2026-11-24,0.0,69380.421875
VBL,2026-11-25,0.0,71925.75
VBL,2026-11-26,0.0,72082.921875
VBL,2026-11-27,0.0,73281.359375
VBL,2026-11-28,0.0,72381.453125
VBL,2026-11-29,0.0,72942.3359375
VBL,2026-11-30,0.0,73017.46875
VBL,2026-12-01,0.0,72865.9921875
VBL,2026-12-02,0.0,70678.125
VBL,2026-12-03,0.0,67876.625
VBL,2026-12-04,0.0,65884.125
VBL,2026-12-05,0.0,72172.6640625
VBL,2026-12-06,0.0,69858.984375
VBL,2026-12-07,0.0,72166.3203125
VBL,2026-12-08,0.0,69753.8125
VBL,2026-12-09,0.0,69298.8515625
VBL,2026-12-10,0.0,69187.96875
VBL,2026-12-11,0.0,66861.7578125
VBL,2026-12-12,0.0,70512.0234375
VBL,2026-12-13,0.0,73156.984375
VBL,2026-12-14,0.0,72711.625
VBL,2026-12-15,0.0,73181.859375
VBL,2026-12-16,0.0,71410.890625
VBL,2026-12-17,0.0,73217.7109375
VBL,2026-12-18,0.0,72888.7578125
VBL,2026-12-19,0.0,71506.3046875
VBL,2026-12-20,0.0,71058.015625
VBL,2026-12-21,0.0,71846.015625
VBL,2026-12-22,0.0,71753.671875
VBL,2026-12-23,0.0,73271.953125
VBL,2026-12-24,0.0,73919.421875
VBL,2026-12-25,0.0,68389.375
WMB,2026-09-21,8.8,26269.21484375
WMB,2026-09-22,8.8,25088.529296875
WMB,2026-09-23,8.8,23637.275390625
WMB,2026-09-24,8.8,21983.36328125
WMB,2026-09-25,8.8,23742.931640625
WMB,2026-09-26,8.8,24279.33984375
WMB,2026-09-27,8.8,22424.734375
WMB,2026-09-28,8.8,20401.345703125
WMB,2026-09-29,8.8,20679.64453125
WMB,2026-09-30,8.8,21813.880859375
WMB,2026-10-01,9.5,22520.166015625
WMB,2026-10-02,9.5,23226.68359375
WMB,2026-10-03,9.5,21716.18359375
WMB,2026-10-04,9.5,21661.419921875
WMB,2026-10-05,9.5,21950.970703125
WMB,2026-10-06,9.5,22436.587890625
WMB,2026-10-07,9.5,22121.48046875
WMB,2026-10-08,9.5,21424.974609375
WMB,2026-10-09,9.5,21613.2890625
WMB,2026-10-10,9.5,21519.435546875
WMB,2026-10-11,9.5,21338.46484375
WMB,2026-10-12,9.5,21435.650390625
WMB,2026-10-13,9.5,22413.908203125
WMB,2026-10-14,9.5,22479.59765625
WMB,2026-10-15,9.5,21410.685546875
WMB,2026-10-16,9.5,21596.337890625
WMB,2026-10-17,9.5,21692.884765625
WMB,2026-10-18,9.5,21798.404296875
WMB,2026-10-19,9.5,21368.099609375
WMB,2026-10-20,9.5,21789.033203125
WMB,2026-10-21,9.5,22394.759765625
WMB,2026-10-22,9.5,22187.53125
WMB,2026-10-23,9.5,21654.271484375
WMB,2026-10-24,9.5,21579.552734375
WMB,2026-10-25,9.5,21842.705078125
WMB,2026-10-26,9.5,21786.94140625
WMB,2026-10-27,9.5,21904.880859375
WMB,2026-10-28,9.5,21533.83984375
WMB,2026-10-29,9.5,21374.3671875
WMB,2026-10-30,9.5,21461.685546875
WMB,2026-10-31,9.5,21592.08984375
WMB,2026-11-01,7.5,22248.755859375
WMB,2026-11-02,7.5,21599.03515625
WMB,2026-11-03,7.5,21696.19140625
WMB,2026-11-04,7.5,21615.0390625
WMB,2026-11-05,7.5,21604.44140625
WMB,2026-11-06,7.5,21701.7421875
WMB,2026-11-07,7.5,21675.716796875
WMB,2026-11-08,7.5,21911.56640625
WMB,2026-11-09,7.5,22071.5390625
WMB,2026-11-10,7.5,21607.826171875
WMB,2026-11-11,7.5,21766.796875
WMB,2026-11-12,7.5,22009.111328125
WMB,2026-11-13,7.5,22252.970703125
WMB,2026-11-14,7.5,22278.89453125
WMB,2026-11-15,7.5,22267.166015625
WMB,2026-11-16,7.5,21688.9453125
WMB,2026-11-17,7.5,21671.134765625
WMB,2026-11-18,7.5,21801.263671875
WMB,2026-11-19,7.5,21939.041015625
WMB,2026-11-20,7.5,22326.37890625
WMB,2026-11-21,7.5,21890.236328125
WMB,2026-11-22,7.5,22195.208984375
WMB,2026-11-23,7.5,21415.296875
WMB,2026-11-24,7.5,21452.185546875
WMB,2026-11-25,7.5,21567.703125
WMB,2026-11-26,7.5,21673.240234375
WMB,2026-11-27,7.5,21528.9453125
WMB,2026-11-28,7.5,21727.80859375
WMB,2026-11-29,7.5,21691.791015625
WMB,2026-11-30,7.5,21943.01171875
WMB,2026-12-01,1.5,22300.61328125
WMB,2026-12-02,1.5,20202.7890625
WMB,2026-12-03,1.5,19644.951171875
WMB,2026-12-04,1.5,19351.685546875
WMB,2026-12-05,1.5,18987.970703125
WMB,2026-12-06,1.5,17910.654296875
WMB,2026-12-07,1.5,17640.1328125
WMB,2026-12-08,1.5,17438.755859375
WMB,2026-12-09,1.5,17099.791015625
WMB,2026-12-10,1.5,16341.943359375
WMB,2026-12-11,1.5,15813.6640625
WMB,2026-12-12,1.5,14742.78515625
WMB,2026-12-13,1.5,14263.1435546875
WMB,2026-12-14,1.5,13095.8232421875
WMB,2026-12-15,1.5,12893.0439453125
WMB,2026-12-16,1.5,12853.994140625
WMB,2026-12-17,1.5,12921.95703125
WMB,2026-12-18,1.5,12753.1005859375
WMB,2026-12-19,1.5,12605.7041015625
WMB,2026-12-20,1.5,12044.1044921875
WMB,2026-12-21,1.5,11471.0634765625
WMB,2026-12-22,1.5,10441.6513671875
WMB,2026-12-23,1.5,10045.6650390625
WMB,2026-12-24,1.5,9342.470703125
WMB,2026-12-25,1.5,9121.455078125
WMB,2026-12-26,1.5,8382.96875
WMB,2026-12-27,1.5,7524.69482421875
WMB,2026-12-28,1.5,6869.4833984375
WMB,2026-12-29,1.5,6664.85400390625
WMB,2026-12-30,1.5,6501.01513671875
WMB,2026-12-31,1.5,6051.68798828125
WMB,2027-01-01,0.0,6697.59423828125
WMB,2027-01-02,0.0,5587.8388671875
WMB,2027-01-03,0.0,5107.73486328125
WMB,2027-01-04,0.0,5246.33544921875
WMB,2027-01-05,0.0,5214.53369140625
WMB,2027-01-06,0.0,5186.87451171875
WMB,2027-01-07,0.0,5356.49560546875
WMB,2027-01-08,0.0,5220.681640625
WMB,2027-01-09,0.0,5728.91552734375
WMB,2027-01-10,0.0,5612.74169921875
WMB,2027-01-11,0.0,5224.3203125
WMB,2027-01-12,0.0,5210.3173828125
WMB,2027-01-13,0.0,5145.9677734375
WMB,2027-01-14,0.0,4907.58544921875
WMB,2027-01-15,0.0,4212.93994140625
WMB,2027-01-16,0.0,4084.79736328125
WMB,2027-01-17,0.0,3534.121826171875
WMB,2027-01-18,0.0,3241.962890625
WMB,2027-01-19,0.0,2995.8662109375
WMB,2027-01-20,0.0,2814.598876953125
WMB,2027-01-21,0.0,2693.599853515625
WMB,2027-01-22,0.0,2629.651611328125
WMB,2027-01-23,0.0,2767.364501953125
WMB,2027-01-24,0.0,2650.806640625
WMB,2027-01-25,0.0,2612.746337890625
WMB,2027-01-26,0.0,2561.997802734375
WMB,2027-01-27,0.0,2455.1884765625
WMB,2027-01-28,0.0,2344.44775390625
WMB,2027-01-29,0.0,2197.422119140625
WMB,2027-01-30,0.0,2004.456787109375
WMB,2027-01-31,0.0,1737.919921875
WMB,2027-02-01,0.0,1708.5540771484375
WMB,2027-02-02,0.0,1697.809326171875
WMB,2027-02-03,0.0,1702.06103515625
WMB,2027-02-04,0.0,1650.745849609375
WMB,2027-02-05,0.0,1626.049072265625
WMB,2027-02-06,0.0,1610.739013671875
WMB,2027-02-07,0.0,1561.3516845703125
WMB,2027-02-08,0.0,1631.3372802734375
WMB,2027-02-09,0.0,1739.9326171875
WMB,2027-02-10,0.0,1715.0694580078125
WMB,2027-02-11,0.0,1657.9278564453125
WMB,2027-02-12,0.0,1574.0330810546875
WMB,2027-02-13,0.0,1315.274169921875
WMB,2027-02-14,0.0,1356.0872802734375
WMB,2027-02-15,0.0,1447.3173828125
WMB,2027-02-16,0.0,1282.7017822265625
WMB,2027-02-17,0.0,1410.2567138671875
WMB,2027-02-18,0.0,1350.4705810546875
WMB,2027-02-19,0.0,1347.2158203125
WMB,2027-02-20,0.0,1276.1497802734375
WMB,2027-02-21,0.0,1293.0804443359375
WMB,2027-02-22,0.0,1317.27978515625
WMB,2027-02-23,0.0,1275.30126953125
WMB,2027-02-24,0.0,1299.957763671875
WMB,2027-02-25,0.0,1287.551513671875
WMB,2027-02-26,0.0,1282.5538330078125
WMB,2027-02-27,0.0,1208.4273681640625
WMB,2027-02-28,0.0,1365.0091552734375
WMB,2027-03-01,0.2,1286.4769287109375
WMB,2027-03-02,0.2,1525.429443359375
WMB,2027-03-03,0.2,1545.135986328125
WMB,2027-03-04,0.2,1602.7457275390625
WMB,2027-03-05,0.2,1560.84423828125
WMB,2027-03-06,0.2,1551.3004150390625
WMB,2027-03-07,0.2,1603.1119384765625
WMB,2027-03-08,0.2,1657.5772705078125
WMB,2027-03-09,0.2,1678.1181640625
WMB,2027-03-10,0.2,1689.168701171875
WMB,2027-03-11,0.2,1708.1505126953125
WMB,2027-03-12,0.2,1662.0416259765625
WMB,2027-03-13,0.2,1635.5438232421875
WMB,2027-03-14,0.2,1648.3975830078125
WMB,2027-03-15,0.2,1844.5701904296875
WMB,2027-03-16,0.2,1951.4849853515625
WMB,2027-03-17,0.2,1908.1031494140625
WMB,2027-03-18,0.2,1914.68408203125
WMB,2027-03-19,0.2,1885.4912109375
WMB,2027-03-20,0.2,1885.4912109375
WMB,2027-03-21,0.2,1885.4912109375
WMB,2027-03-22,0.2,1921.0753173828125
WMB,2027-03-23,0.2,1915.7369384765625
WMB,2027-03-24,0.2,1941.4093017578125
WMB,2027-03-25,0.2,1874.051025390625
WMB,2027-03-26,0.2,1898.825439453125
WMB,2027-03-27,0.2,1898.825439453125
WMB,2027-03-28,0.2,1986.8050537109375
WMB,2027-03-29,0.2,2268.3701171875
WMB,2027-03-30,0.2,2763.835205078125
WMB,2027-03-31,0.2,3485.038330078125
WMB,2027-04-01,6.4,4848.0556640625
WMB,2027-04-02,6.4,8285.783203125
WMB,2027-04-03,6.4,9845.1064453125
WMB,2027-04-04,6.4,11205.373046875
WMB,2027-04-05,6.4,12246.8017578125
WMB,2027-04-06,6.4,13002.708984375
WMB,2027-04-07,6.4,13571.94140625
WMB,2027-04-08,6.4,13559.654296875
WMB,2027-04-09,6.4,14153.166015625
WMB,2027-04-10,6.4,14138.41796875
WMB,2027-04-11,6.4,14618.4150390625
WMB,2027-04-12,6.4,15322.373046875
WMB,2027-04-13,6.4,15384.626953125
WMB,2027-04-14,6.4,14723.275390625
WMB,2027-04-15,6.4,15051.6455078125
WMB,2027-04-16,6.4,16303.923828125
WMB,2027-04-17,6.4,16000.474609375
WMB,2027-04-18,6.4,15722.884765625
WMB,2027-04-19,6.4,14882.306640625
WMB,2027-04-20,6.4,14422.2041015625
WMB,2027-04-21,6.4,14750.650390625
WMB,2027-04-22,6.4,14682.2470703125
WMB,2027-04-23,6.4,15258.7421875
WMB,2027-04-24,6.4,15090.48828125
WMB,2027-04-25,6.4,15733.896484375
WMB,2027-04-26,6.4,16334.9716796875
WMB,2027-04-27,6.4,16281.416015625
WMB,2027-04-28,6.4,16402.75
WMB,2027-04-29,6.4,16301.4541015625
WMB,2027-04-30,6.4,15808.8115234375
WMB,2027-05-01,10.9,14213.482421875
WMB,2027-05-02,10.9,13670.0107421875
WMB,2027-05-03,10.9,14183.0341796875
WMB,2027-05-04,10.9,14238.341796875
WMB,2027-05-05,10.9,14356.365234375
WMB,2027-05-06,10.9,14590.2021484375
WMB,2027-05-07,10.9,15232.9443359375
WMB,2027-05-08,10.9,15488.6923828125
WMB,2027-05-09,10.9,16049.6708984375
WMB,2027-05-10,10.9,16874.607421875
WMB,2027-05-11,10.9,17075.859375
WMB,2027-05-12,10.9,16781.26953125
WMB,2027-05-13,10.9,16656.42578125
WMB,2027-05-14,10.9,16522.57421875
WMB,2027-05-15,10.9,16529.791015625
WMB,2027-05-16,10.9,16698.232421875
WMB,2027-05-17,10.9,16170.21875
WMB,2027-05-18,10.9,15973.275390625
WMB,2027-05-19,10.9,15853.7265625
WMB,2027-05-20,10.9,15298.9453125
WMB,2027-05-21,10.9,14682.8134765625
WMB,2027-05-22,10.9,14341.830078125
WMB,2027-05-23,10.9,13736.7255859375
WMB,2027-05-24,10.9,13575.8486328125
WMB,2027-05-25,10.9,13537.8447265625
WMB,2027-05-26,10.9,13757.58984375
WMB,2027-05-27,10.9,13437.9228515625
WMB,2027-05-28,10.9,13173.103515625
WMB,2027-05-29,10.9,12908.3671875
WMB,2027-05-30,10.9,12951.0029296875
WMB,2027-05-31,10.9,12724.7607421875
WMB,2027-06-01,11.25,12729.6630859375
WMB,2027-06-02,11.25,12237.158203125
WMB,2027-06-03,11.25,12257.3056640625
WMB,2027-06-04,11.25,12475.1318359375
WMB,2027-06-05,11.25,11852.03515625
WMB,2027-06-06,11.25,11716.6044921875
WMB,2027-06-07,11.25,11358.8251953125
WMB,2027-06-08,11.25,10779.3583984375
WMB,2027-06-09,11.25,10557.1259765625
WMB,2027-06-10,11.25,10702.5634765625
WMB,2027-06-11,11.25,10777.0966796875
WMB,2027-06-12,11.25,10700.9267578125
WMB,2027-06-13,11.25,11064.302734375
WMB,2027-06-14,11.25,10594.3466796875
WMB,2027-06-15,11.25,10807.3408203125
WMB,2027-06-16,11.25,10620.013671875
WMB,2027-06-17,11.25,10152.9609375
WMB,2027-06-18,11.25,10000.8154296875
WMB,2027-06-19,11.25,10017.5322265625
WMB,2027-06-20,11.25,9899.611328125
WMB,2027-06-21,11.25,9987.658203125
WMB,2027-06-22,11.25,10169.2705078125
WMB,2027-06-23,11.25,10529.5068359375
WMB,2027-06-24,11.25,10661.3857421875
WMB,2027-06-25,11.25,10497.16015625
WMB,2027-06-26,11.25,10428.8349609375
WMB,2027-06-27,11.25,10427.6484375
WMB,2027-06-28,11.25,10511.2998046875
WMB,2027-06-29,11.25,10519.6689453125
WMB,2027-06-30,11.25,10930.3056640625
WMB,2027-07-01,5.199999999999999,11264.8125
WMB,2027-07-02,5.199999999999999,11358.10546875
WMB,2027-07-03,5.199999999999999,11062.7197265625
WMB,2027-07-04,5.199999999999999,10922.8623046875
WMB,2027-07-05,5.199999999999999,10732.90625
WMB,2027-07-06,5.199999999999999,10611.048828125
WMB,2027-07-07,5.199999999999999,10476.5986328125
WMB,2027-07-08,5.199999999999999,10359.2958984375
WMB,2027-07-09,5.199999999999999,10513.52734375
WMB,2027-07-10,5.199999999999999,10932.62109375
WMB,2027-07-11,5.199999999999999,10935.1689453125
WMB,2027-07-12,5.199999999999999,10822.5048828125
WMB,2027-07-13,5.199999999999999,10830.5234375
WMB,2027-07-14,5.199999999999999,10818.2294921875
WMB,2027-07-15,5.199999999999999,10519.779296875
WMB,2027-07-16,5.199999999999999,10450.703125
WMB,2027-07-17,5.199999999999999,10592.60546875
WMB,2027-07-18,5.199999999999999,10489.171875
WMB,2027-07-19,5.199999999999999,10600.806640625
WMB,2027-07-20,5.199999999999999,10560.18359375
WMB,2027-07-21,5.199999999999999,10637.25
WMB,2027-07-22,5.199999999999999,10643.7021484375
WMB,2027-07-23,5.199999999999999,10717.12890625
WMB,2027-07-24,5.199999999999999,10862.6064453125
WMB,2027-07-25,5.199999999999999,10939.5361328125
WMB,2027-07-26,5.199999999999999,10895.0576171875
WMB,2027-07-27,5.199999999999999,11035.5732421875
WMB,2027-07-28,5.199999999999999,11038.7529296875
WMB,2027-07-29,5.199999999999999,11038.7529296875
WMB,2027-07-30,5.199999999999999,11043.6142578125
WMB,2027-07-31,5.199999999999999,10908.8505859375
WMB,2027-08-01,4.8,10660.9833984375
WMB,2027-08-02,4.8,10318.8623046875
WMB,2027-08-03,4.8,10263.6640625
WMB,2027-08-04,4.8,10360.1162109375
WMB,2027-08-05,4.8,10327.6328125
WMB,2027-08-06,4.8,10427.4580078125
WMB,2027-08-07,4.8,10233.2978515625
WMB,2027-08-08,4.8,10312.369140625
WMB,2027-08-09,4.8,10324.23828125
WMB,2027-08-10,4.8,10324.23828125
WMB,2027-08-11,4.8,10324.23828125
WMB,2027-08-12,4.8,10338.6474609375
WMB,2027-08-13,4.8,10321.814453125
WMB,2027-08-14,4.8,10250.6669921875
WMB,2027-08-15,4.8,10375.76953125
WMB,2027-08-16,4.8,10382.7685546875
WMB,2027-08-17,4.8,10384.7861328125
WMB,2027-08-18,4.8,10399.3525390625
WMB,2027-08-19,4.8,10399.3525390625
WMB,2027-08-20,4.8,10403.86328125
WMB,2027-08-21,4.8,10340.42578125
WMB,2027-08-22,4.8,10393.3017578125
WMB,2027-08-23,4.8,10420.3974609375
WMB,2027-08-24,4.8,10431.3720703125
WMB,2027-08-25,4.8,10431.3720703125
WMB,2027-08-26,4.8,10431.3720703125
WMB,2027-08-27,4.8,10431.3720703125
WMB,2027-08-28,4.8,10407.69921875
WMB,2027-08-29,4.8,10407.69921875
WMB,2027-08-30,4.8,10322.34375
WMB,2027-08-31,4.8,10377.77734375
WMB,2027-09-01,8.8,10799.4287109375
WMB,2027-09-02,8.8,11466.2890625
WMB,2027-09-03,8.8,11807.919921875
WMB,2027-09-04,8.8,12778.009765625
WMB,2027-09-05,8.8,12742.947265625
WMB,2027-09-06,8.8,12865.779296875
WMB,2027-09-07,8.8,12984.0048828125
WMB,2027-09-08,8.8,12966.8291015625
WMB,2027-09-09,8.8,13519.4990234375
WMB,2027-09-10,8.8,14612.302734375
WMB,2027-09-11,8.8,15988.138671875
WMB,2027-09-12,8.8,16928.3984375
WMB,2027-09-13,8.8,17269.12109375
WMB,2027-09-14,8.8,17393.13671875
WMB,2027-09-15,8.8,17914.72265625
WMB,2027-09-16,8.8,19576.408203125
WMB,2027-09-17,8.8,19926.6796875
WMB,2027-09-18,8.8,20588.32421875
WMB,2027-09-19,8.8,22262.296875
WMB,2027-09-20,8.8,21396.58984375
